Subject,Department,OA Material,Student,Date,ID,Source
DEI in Art,Art History and Architecture,Archival Record,Graduate Thesis,2020,AHA_SS_2020,Museum of Modern Art
DEI in Art,Art History and Architecture,Archival Record,Graduate Thesis,2020,AHA_SS_2020,Museum of Modern Art
DEI in Art,Art History and Architecture,Archival Record,Graduate Thesis,2020,AHA_SS_2020,Museum of Modern Art
DEI in Art,Art History and Architecture,Archival Record,Graduate Thesis,2020,AHA_SS_2020,Museum of Modern Art
Japanese American History,History,Archival Record,Graduate Thesis,2019,H_OW_2019,Densho Digital Repository
Japanese American History,History,Archival Record,Graduate Thesis,2019,H_OW_2019,University of Washington Libraries
Azeri History,History,Archival Record,Dissertation,2020,H_RH_2020,Harvard Library
Performance Art,Art History and Architecture,Art Exhibit,Graduate Thesis,2015,AHA_CP_2015,512hours.tumblr.com
Performance Art,Art History and Architecture,Art Exhibit,Graduate Thesis,2015,AHA_CP_2015,generatorskny.tumblr.com
Performance Art,Art History and Architecture,Art Exhibit,Graduate Thesis,2015,AHA_CP_2015,Serpentine Galleries
Art Organizations,Art History and Architecture,Art Exhibit,Graduate Thesis,2020,AHA_CS_2020,Brooklyn Museum
DEI in Art,Art History and Architecture,Art Exhibit,Graduate Thesis,2020,AHA_SS_2020,Brooklyn Museum
DEI in Art,Art History and Architecture,Art Exhibit,Graduate Thesis,2020,AHA_SS_2020,Museum of Modern Art
DEI in Art,Art History and Architecture,Art Exhibit,Graduate Thesis,2020,AHA_SS_2020,Museum of Modern Art
DEI in Art,Art History and Architecture,Art Exhibit,Graduate Thesis,2020,AHA_SS_2020,Museum of Modern Art
DEI in Art,Art History and Architecture,Art Exhibit,Graduate Thesis,2020,AHA_SS_2020,Museum of Modern Art
DEI in Art,Art History and Architecture,Art Exhibit,Graduate Thesis,2020,AHA_SS_2020,Museum of Modern Art
DEI in Art,Art History and Architecture,Art Exhibit,Graduate Thesis,2020,AHA_SS_2020,Museum of Modern Art
DEI in Art,Art History and Architecture,Art Exhibit,Graduate Thesis,2020,AHA_SS_2020,Museum of Modern Art
DEI in Art,Art History and Architecture,Art Exhibit,Graduate Thesis,2020,AHA_SS_2020,Museum of Modern Art
DEI in Art,Art History and Architecture,Art Exhibit,Graduate Thesis,2020,AHA_SS_2020,Museum of Modern Art
DEI in Art,Art History and Architecture,Art Exhibit,Graduate Thesis,2020,AHA_SS_2020,Museum of Modern Art
DEI in Art,Art History and Architecture,Art Exhibit,Graduate Thesis,2020,AHA_SS_2020,Museum of Modern Art
DEI in Art,Art History and Architecture,Art Exhibit,Graduate Thesis,2020,AHA_SS_2020,Museum of Modern Art
DEI in Art,Art History and Architecture,Art Exhibit,Graduate Thesis,2020,AHA_SS_2020,Museum of Modern Art
DEI in Art,Art History and Architecture,Art Exhibit,Graduate Thesis,2020,AHA_SS_2020,Museum of Modern Art
DEI in Art,Art History and Architecture,Art Exhibit,Graduate Thesis,2020,AHA_SS_2020,Museum of Modern Art
DEI in Art,Art History and Architecture,Art Exhibit,Graduate Thesis,2020,AHA_SS_2020,Museum of Modern Art
DEI in Art,Art History and Architecture,Art Exhibit,Graduate Thesis,2020,AHA_SS_2020,Museum of Modern Art
DEI in Art,Art History and Architecture,Art Exhibit,Graduate Thesis,2020,AHA_SS_2020,Museum of Modern Art
DEI in Art,Art History and Architecture,Art Exhibit,Graduate Thesis,2020,AHA_SS_2020,Museum of Modern Art
DEI in Art,Art History and Architecture,Art Exhibit,Graduate Thesis,2020,AHA_SS_2020,Museum of Modern Art
DEI in Art,Art History and Architecture,Art Exhibit,Graduate Thesis,2020,AHA_SS_2020,Museum of Modern Art
DEI in Art,Art History and Architecture,Art Exhibit,Graduate Thesis,2020,AHA_SS_2020,Museum of Modern Art
DEI in Art,Art History and Architecture,Art Exhibit,Graduate Thesis,2020,AHA_SS_2020,Museum of Modern Art
Chinese Art,Art History and Architecture,Article,Graduate Thesis,2016,AHA_AM_2016,Art Radar Journal
Chinese Art,Art History and Architecture,Article,Graduate Thesis,2016,AHA_AM_2016,European Environment Agency
Chinese Art,Art History and Architecture,Article,Graduate Thesis,2016,AHA_AM_2016,European Environment Agency
Chinese Art,Art History and Architecture,Article,Graduate Thesis,2016,AHA_AM_2016,Vice
Earthworks,Art History and Architecture,Article,Graduate Thesis,2019,AHA_CC_2019,Los Angeles Times
Contemporary Art,Art History and Architecture,Article,Graduate Thesis,2015,AHA_CH_2015,Walkerart.org
Performance Art,Art History and Architecture,Article,Graduate Thesis,2015,AHA_CP_2015,Art Forum
Performance Art,Art History and Architecture,Article,Graduate Thesis,2015,AHA_CP_2015,artfcity.com
Performance Art,Art History and Architecture,Article,Graduate Thesis,2015,AHA_CP_2015,Artnet News
Performance Art,Art History and Architecture,Article,Graduate Thesis,2015,AHA_CP_2015,Artnet News
Performance Art,Art History and Architecture,Article,Graduate Thesis,2015,AHA_CP_2015,Artnet News
Performance Art,Art History and Architecture,Article,Graduate Thesis,2015,AHA_CP_2015,Huffington Post
Performance Art,Art History and Architecture,Article,Graduate Thesis,2015,AHA_CP_2015,Hyperallergic
Performance Art,Art History and Architecture,Article,Graduate Thesis,2015,AHA_CP_2015,Hyperallergic
Performance Art,Art History and Architecture,Article,Graduate Thesis,2015,AHA_CP_2015,Hyperallergic
Performance Art,Art History and Architecture,Article,Graduate Thesis,2015,AHA_CP_2015,Hyperallergic
Performance Art,Art History and Architecture,Article,Graduate Thesis,2015,AHA_CP_2015,Hyperallergic
Performance Art,Art History and Architecture,Article,Graduate Thesis,2015,AHA_CP_2015,Hyperallergic
Performance Art,Art History and Architecture,Article,Graduate Thesis,2015,AHA_CP_2015,LA Weekly
Performance Art,Art History and Architecture,Article,Graduate Thesis,2015,AHA_CP_2015,Los Angeles Times
Performance Art,Art History and Architecture,Article,Graduate Thesis,2015,AHA_CP_2015,Museum of Modern Art
Performance Art,Art History and Architecture,Article,Graduate Thesis,2015,AHA_CP_2015,TED
Performance Art,Art History and Architecture,Article,Graduate Thesis,2015,AHA_CP_2015,The Atlantic
Performance Art,Art History and Architecture,Article,Graduate Thesis,2015,AHA_CP_2015,The Guardian
Performance Art,Art History and Architecture,Article,Graduate Thesis,2015,AHA_CP_2015,The Guardian
Chinese Art,Art History and Architecture,Article,Graduate Thesis,2015,AHA_DJ_2015,Los Angeles Times
Latin American Architecture,Art History and Architecture,Article,Graduate Thesis,2019,AHA_JE_2019,grompone.org
Argentinian Art,Art History and Architecture,Article,Graduate Thesis,2019,AHA_LM_2019,El Pais
Argentinian Art,Art History and Architecture,Article,Graduate Thesis,2019,AHA_LM_2019,El Pais
Argentinian Art,Art History and Architecture,Article,Graduate Thesis,2019,AHA_LM_2019,Human Rights Watch
Argentinian Art,Art History and Architecture,Article,Graduate Thesis,2019,AHA_LM_2019,Pagina 12
Argentinian Art,Art History and Architecture,Article,Graduate Thesis,2019,AHA_LM_2019,Pagina 12
Argentinian Art,Art History and Architecture,Article,Graduate Thesis,2019,AHA_LM_2019,Pagina 12
Argentinian Art,Art History and Architecture,Article,Graduate Thesis,2019,AHA_LM_2019,Papelitos
Argentinian Art,Art History and Architecture,Article,Graduate Thesis,2019,AHA_LM_2019,Papelitos
Argentinian Art,Art History and Architecture,Article,Graduate Thesis,2019,AHA_LM_2019,Papelitos
Argentinian Art,Art History and Architecture,Article,Graduate Thesis,2019,AHA_LM_2019,Papelitos
Argentinian Art,Art History and Architecture,Article,Graduate Thesis,2019,AHA_LM_2019,Papelitos
Argentinian Art,Art History and Architecture,Article,Graduate Thesis,2019,AHA_LM_2019,Sinpermiso
Latin American Art,Art History and Architecture,Article,Graduate Thesis,2020,AHA_LM_2020,Globo
Latin American Art,Art History and Architecture,Article,Graduate Thesis,2020,AHA_LM_2020,Reuters
Film,Art History and Architecture,Article,Graduate Thesis,2019,AHA_LZ_2019,haaretz.com
Film,Art History and Architecture,Article,Graduate Thesis,2019,AHA_LZ_2019,New York Times
Film,Art History and Architecture,Article,Graduate Thesis,2019,AHA_LZ_2019,NPR
European Architecture,Art History and Architecture,Article,Graduate Thesis,2015,AHA_MK_2015,Architects Journal
European Architecture,Art History and Architecture,Article,Graduate Thesis,2015,AHA_MK_2015,Architects Journal
European Architecture,Art History and Architecture,Article,Graduate Thesis,2015,AHA_MK_2015,Architects Journal
European Architecture,Art History and Architecture,Article,Graduate Thesis,2015,AHA_MK_2015,Architects Journal
European Architecture,Art History and Architecture,Article,Graduate Thesis,2015,AHA_MK_2015,Architects Journal
European Architecture,Art History and Architecture,Article,Graduate Thesis,2015,AHA_MK_2015,The Guardian
European Architecture,Art History and Architecture,Article,Graduate Thesis,2015,AHA_MK_2015,The Guardian
European Architecture,Art History and Architecture,Article,Graduate Thesis,2015,AHA_MK_2015,The Guardian
European Architecture,Art History and Architecture,Article,Graduate Thesis,2015,AHA_MK_2015,The Guardian
European Architecture,Art History and Architecture,Article,Graduate Thesis,2015,AHA_MK_2015,The Guardian
European Architecture,Art History and Architecture,Article,Graduate Thesis,2015,AHA_MK_2015,The Guardian
European Architecture,Art History and Architecture,Article,Graduate Thesis,2015,AHA_MK_2015,The Guardian
European Architecture,Art History and Architecture,Article,Graduate Thesis,2015,AHA_MK_2015,The Guardian
European Architecture,Art History and Architecture,Article,Graduate Thesis,2015,AHA_MK_2015,Tower Hamlets
Street Art,Art History and Architecture,Article,Graduate Thesis,2017,AHA_MM_2017,Al Jazeera
Street Art,Art History and Architecture,Article,Graduate Thesis,2017,AHA_MM_2017,Street Art News
Street Art,Art History and Architecture,Article,Graduate Thesis,2017,AHA_MM_2017,The Daily Best
Street Art,Art History and Architecture,Article,Graduate Thesis,2017,AHA_MM_2017,The Guardian
DEI in Art,Art History and Architecture,Article,Graduate Thesis,2020,AHA_SS_2020,Art Forum
DEI in Art,Art History and Architecture,Article,Graduate Thesis,2020,AHA_SS_2020,Art News
DEI in Art,Art History and Architecture,Article,Graduate Thesis,2020,AHA_SS_2020,Art News
DEI in Art,Art History and Architecture,Article,Graduate Thesis,2020,AHA_SS_2020,Art News
DEI in Art,Art History and Architecture,Article,Graduate Thesis,2020,AHA_SS_2020,Artsy.com
DEI in Art,Art History and Architecture,Article,Graduate Thesis,2020,AHA_SS_2020,Boston Globe
DEI in Art,Art History and Architecture,Article,Graduate Thesis,2020,AHA_SS_2020,NPR
European History,History,Article,Graduate Thesis,2017,H_MJR_2017,Odysseo Digital Archive
Contemporary Art,Art History and Architecture,Audio,Graduate Thesis,2015,AHA_CD_2015,Clocktower
Contemporary Art,Art History and Architecture,Audio,Graduate Thesis,2015,AHA_CH_2015,Archives of American Art
Contemporary Art,Art History and Architecture,Audio,Graduate Thesis,2015,AHA_CH_2015,Soundcloud
Street Art,Art History and Architecture,Audio,Graduate Thesis,2017,AHA_MM_2017,Vox
U.S. History,History,Audio,Graduate Thesis,2014,H_CM_2014,Truman Library
U.S. History,History,Audio,Graduate Thesis,2019,H_IU_2019,umistapotlatch.ca
Japanese American History,History,Audio,Graduate Thesis,2019,H_OW_2019,Online Archive of California
Chinese Art,Art History and Architecture,Blog Post,Graduate Thesis,2016,AHA_AM_2016,CYARK
Earthworks,Art History and Architecture,Blog Post,Graduate Thesis,2019,AHA_CC_2019,Art News
Earthworks,Art History and Architecture,Blog Post,Graduate Thesis,2019,AHA_CC_2019,Artnet News
Earthworks,Art History and Architecture,Blog Post,Graduate Thesis,2019,AHA_CC_2019,Lithub
Contemporary Art,Art History and Architecture,Blog Post,Graduate Thesis,2015,AHA_CD_2015,Theory Now
Performance Art,Art History and Architecture,Blog Post,Graduate Thesis,2015,AHA_CP_2015,ArtsBeat
Performance Art,Art History and Architecture,Blog Post,Graduate Thesis,2015,AHA_CP_2015,Turbulence.org
Performance Art,Art History and Architecture,Blog Post,Graduate Thesis,2015,AHA_CP_2015,University of Chicago
Chinese Art,Art History and Architecture,Blog Post,Graduate Thesis,2015,AHA_DJ_2015,Monastic-asia.wikidot.com
Chinese Art,Art History and Architecture,Blog Post,Graduate Thesis,2015,AHA_DJ_2015,Monastic-asia.wikidot.com
Chinese Art,Art History and Architecture,Blog Post,Graduate Thesis,2015,AHA_DJ_2015,Weekly Wanders
Argentinian Art,Art History and Architecture,Blog Post,Graduate Thesis,2019,AHA_LM_2019,Tamtampress
Latin American Art,Art History and Architecture,Blog Post,Graduate Thesis,2020,AHA_LM_2020,Umass Boston Blog Network
Islamic Art,Art History and Architecture,Blog Post,Graduate Thesis,2018,AHA_MA_2018,The Perception of Female Beauty in Art
European Architecture,Art History and Architecture,Blog Post,Graduate Thesis,2015,AHA_MK_2015,The Guardian
European Architecture,Art History and Architecture,Blog Post,Graduate Thesis,2015,AHA_MK_2015,The Guardian
Street Art,Art History and Architecture,Blog Post,Graduate Thesis,2017,AHA_MM_2017,Amoeba.com
DEI in Art,Art History and Architecture,Blog Post,Graduate Thesis,2020,AHA_SS_2020,London Review of Books
DEI in Art,Art History and Architecture,Blog Post,Graduate Thesis,2020,AHA_SS_2020,Museum Education Roundtable
Culinary History,History,Book,Graduate Thesis,2019,H_JF_2019-2,Project Gutenberg
Azeri History,History,Book,Dissertation,2020,H_RH_2020,Earth Policy Institute
Chinese Art,Art History and Architecture,Census Data,Graduate Thesis,2019,AHA_YC_2019,gov.cn
Latin American Architecture,Art History and Architecture,Dissertation,Graduate Thesis,2019,AHA_JE_2019,Archivo Digital UPM
Latin American Architecture,Art History and Architecture,Dissertation,Graduate Thesis,2019,AHA_JE_2019,Archivo Digital UPM
French Art,Art History and Architecture,Encyclopedia Entry,Graduate Thesis,2016,AHA_CB_2016,Britannica
Elizabethan Attire,Art History and Architecture,Encyclopedia Entry,Graduate Thesis,2014,AHA_JN_2014,Oxford Dictionary of National Biography
Elizabethan Attire,Art History and Architecture,Encyclopedia Entry,Graduate Thesis,2014,AHA_JN_2014,Oxford Dictionary of National Biography
Japanese Art,Art History and Architecture,Encyclopedia Entry,Graduate Thesis,2016,AHA_LS_2016,Britannica
Japanese Art,Art History and Architecture,Encyclopedia Entry,Graduate Thesis,2016,AHA_LS_2016,Britannica
Japanese Art,Art History and Architecture,Encyclopedia Entry,Graduate Thesis,2016,AHA_LS_2016,Britannica
Ancient Roman Art,Art History and Architecture,Essay,Graduate Thesis,2018,AHA_LM_2018,The Metropolitan Museum of Art
Film,Art History and Architecture,Essay,Graduate Thesis,2019,AHA_LZ_2019,beyondintractability.org
American Medicine,History,Historic Book,Dissertation,2013,H_CMS_2013,Google eBook
American Medicine,History,Historic Book,Dissertation,2013,H_CMS_2013,Google eBook
American Medicine,History,Historic Book,Dissertation,2013,H_CMS_2013,Google eBook
American Medicine,History,Historic Book,Dissertation,2013,H_CMS_2013,Google eBook
American Medicine,History,Historic Book,Dissertation,2013,H_CMS_2013,Google eBook
American Medicine,History,Historic Book,Dissertation,2013,H_CMS_2013,Google eBook
American Medicine,History,Historic Book,Dissertation,2013,H_CMS_2013,Google eBook
American Medicine,History,Historic Book,Dissertation,2013,H_CMS_2013,Google eBook
American Medicine,History,Historic Book,Dissertation,2013,H_CMS_2013,Google eBook
English Colonialism,History,Historic Book,Dissertation,2009,H_MK_2009,Documenting the American South
Elizabethan Attire,Art History and Architecture,Historic Document,Graduate Thesis,2014,AHA_JN_2014,Bess of Hardwick's Letters
U.S. History,History,Historic Document,Graduate Thesis,2014,H_CS_2014,Archive.org
U.S. History,History,Historic Document,Graduate Thesis,2014,H_CS_2014,The University of Nebraska
U.S. History,History,Historic Document,Graduate Thesis,2014,H_CS_2014,University of Wisconsin-Madison Libraries
American Medicine,History,Historic Document,Dissertation,2013,H_CMS_2013,Google eBook
Culinary History,History,Historic Document,Graduate Thesis,2019,H_JF_2019-2,Michigan State University Digital Repository
Filipino History,History,Historic Document,Dissertation,2013,H_JA_2013,Katipunan: Documents and Studies
African American History,History,Historic Document,Graduate Thesis,2012,H_LB_2012,Hanover College
Lesbian History,History,Historic Document,Graduate Thesis,2014,H_SG_2014,Archives West
Italian History,History,Historic Document,Graduate Thesis,2017,H_ZB_2017,Biblioteca del Congreso Argentina
Chinese Art,Art History and Architecture,Image,Graduate Thesis,2016,AHA_AM_2016,Ekostories
Chinese Art,Art History and Architecture,Image,Graduate Thesis,2016,AHA_AM_2016,Ekostories
Chinese Art,Art History and Architecture,Image,Graduate Thesis,2016,AHA_AM_2016,Ekostories
Japanese Art,Art History and Architecture,Image,Graduate Thesis,2016,AHA_AP_2016,cartographic-images.net
Japanese Art,Art History and Architecture,Image,Graduate Thesis,2016,AHA_AP_2016,choueke.com
Japanese Art,Art History and Architecture,Image,Graduate Thesis,2016,AHA_AP_2016,ir.u-gakugei.ac.jp
Japanese Art,Art History and Architecture,Image,Graduate Thesis,2016,AHA_AP_2016,ir.u-gakugei.ac.jp
Japanese Art,Art History and Architecture,Image,Graduate Thesis,2016,AHA_AP_2016,Jordan Schnitzer Museum of Art
Japanese Art,Art History and Architecture,Image,Graduate Thesis,2016,AHA_AP_2016,Library of Congress
Japanese Art,Art History and Architecture,Image,Graduate Thesis,2016,AHA_AP_2016,Library of Congress
Japanese Art,Art History and Architecture,Image,Graduate Thesis,2016,AHA_AP_2016,Minneapolis Institute of Art
Japanese Art,Art History and Architecture,Image,Graduate Thesis,2016,AHA_AP_2016,Minneapolis Institute of Art
Japanese Art,Art History and Architecture,Image,Graduate Thesis,2016,AHA_AP_2016,National Museum of Asian Art
Japanese Art,Art History and Architecture,Image,Graduate Thesis,2016,AHA_AP_2016,National Museum of Asian Art
Japanese Art,Art History and Architecture,Image,Graduate Thesis,2016,AHA_AP_2016,San Diego Museum of Art
Japanese Art,Art History and Architecture,Image,Graduate Thesis,2016,AHA_AP_2016,The Metropolitan Museum of Art
Japanese Art,Art History and Architecture,Image,Graduate Thesis,2016,AHA_AP_2016,The Metropolitan Museum of Art
Baroque Art,Art History and Architecture,Image,Graduate Thesis,2015,AHA_AZ_2015,Art Institute of Chicago
Baroque Art,Art History and Architecture,Image,Graduate Thesis,2015,AHA_AZ_2015,Die Pinakotheken
Baroque Art,Art History and Architecture,Image,Graduate Thesis,2015,AHA_AZ_2015,Getty
Baroque Art,Art History and Architecture,Image,Graduate Thesis,2015,AHA_AZ_2015,Metropolitan Museum of Art
Baroque Art,Art History and Architecture,Image,Graduate Thesis,2015,AHA_AZ_2015,Metropolitan Museum of Art
Baroque Art,Art History and Architecture,Image,Graduate Thesis,2015,AHA_AZ_2015,Metropolitan Museum of Art
Baroque Art,Art History and Architecture,Image,Graduate Thesis,2015,AHA_AZ_2015,Metropolitan Museum of Art
Baroque Art,Art History and Architecture,Image,Graduate Thesis,2015,AHA_AZ_2015,Musees royaux des Beaux-arts de belgique
Baroque Art,Art History and Architecture,Image,Graduate Thesis,2015,AHA_AZ_2015,museum-asbach.edu
Earthworks,Art History and Architecture,Image,Graduate Thesis,2019,AHA_CC_2019,Charlesrossstudio.com
Earthworks,Art History and Architecture,Image,Graduate Thesis,2019,AHA_CC_2019,diaart.org
Earthworks,Art History and Architecture,Image,Graduate Thesis,2019,AHA_CC_2019,diaart.org
Earthworks,Art History and Architecture,Image,Graduate Thesis,2019,AHA_CC_2019,Moca.org
Earthworks,Art History and Architecture,Image,Graduate Thesis,2019,AHA_CC_2019,rodencrater.com
Earthworks,Art History and Architecture,Image,Graduate Thesis,2019,AHA_CC_2019,rodencrater.com
Earthworks,Art History and Architecture,Image,Graduate Thesis,2019,AHA_CC_2019,shiftingconnections.com
Earthworks,Art History and Architecture,Image,Graduate Thesis,2019,AHA_CC_2019,staraxis.org
Earthworks,Art History and Architecture,Image,Graduate Thesis,2019,AHA_CC_2019,staraxis.org
Earthworks,Art History and Architecture,Image,Graduate Thesis,2019,AHA_CC_2019,theverge.com
Contemporary Art,Art History and Architecture,Image,Graduate Thesis,2015,AHA_CD_2015,Wayne State University Libraries
Contemporary Art,Art History and Architecture,Image,Graduate Thesis,2015,AHA_CH_2015,Artmag.com
Contemporary Art,Art History and Architecture,Image,Graduate Thesis,2015,AHA_CH_2015,Artstor Digital Library
Contemporary Art,Art History and Architecture,Image,Graduate Thesis,2015,AHA_CH_2015,Artstore Digital Library
Contemporary Art,Art History and Architecture,Image,Graduate Thesis,2015,AHA_CH_2015,Artstore Digital Library
Contemporary Art,Art History and Architecture,Image,Graduate Thesis,2015,AHA_CH_2015,Artstore Digital Library
Contemporary Art,Art History and Architecture,Image,Graduate Thesis,2015,AHA_CH_2015,Artstore Digital Library
Contemporary Art,Art History and Architecture,Image,Graduate Thesis,2015,AHA_CH_2015,Artstore Digital Library
Contemporary Art,Art History and Architecture,Image,Graduate Thesis,2015,AHA_CH_2015,Artstore Digital Library
Contemporary Art,Art History and Architecture,Image,Graduate Thesis,2015,AHA_CH_2015,Artstore Digital Library
Contemporary Art,Art History and Architecture,Image,Graduate Thesis,2015,AHA_CH_2015,Meisel Gallery
Contemporary Art,Art History and Architecture,Image,Graduate Thesis,2015,AHA_CH_2015,Oregon Digital
Contemporary Art,Art History and Architecture,Image,Graduate Thesis,2015,AHA_CH_2015,Oregon Digital
Contemporary Art,Art History and Architecture,Image,Graduate Thesis,2015,AHA_CH_2015,Oregon Digital
Contemporary Art,Art History and Architecture,Image,Graduate Thesis,2015,AHA_CH_2015,Oregon Digital
Contemporary Art,Art History and Architecture,Image,Graduate Thesis,2015,AHA_CH_2015,sfmoma.org
Contemporary Art,Art History and Architecture,Image,Graduate Thesis,2015,AHA_CH_2015,sfmoma.org
Contemporary Art,Art History and Architecture,Image,Graduate Thesis,2015,AHA_CH_2015,sfmoma.org
Contemporary Art,Art History and Architecture,Image,Graduate Thesis,2015,AHA_CH_2015,Whitney Museum of American Art
Performance Art,Art History and Architecture,Image,Graduate Thesis,2015,AHA_CP_2015,512hours.tumblr.com
Performance Art,Art History and Architecture,Image,Graduate Thesis,2015,AHA_CP_2015,Amirbaradaran.com
Performance Art,Art History and Architecture,Image,Graduate Thesis,2015,AHA_CP_2015,ArtsBeat
Performance Art,Art History and Architecture,Image,Graduate Thesis,2015,AHA_CP_2015,blouinartinfo.com
Performance Art,Art History and Architecture,Image,Graduate Thesis,2015,AHA_CP_2015,Every Person in New York
Performance Art,Art History and Architecture,Image,Graduate Thesis,2015,AHA_CP_2015,flickr.com
Performance Art,Art History and Architecture,Image,Graduate Thesis,2015,AHA_CP_2015,generatorskny.tumblr.com
Performance Art,Art History and Architecture,Image,Graduate Thesis,2015,AHA_CP_2015,HBO
Performance Art,Art History and Architecture,Image,Graduate Thesis,2015,AHA_CP_2015,Hyperallergic
Performance Art,Art History and Architecture,Image,Graduate Thesis,2015,AHA_CP_2015,Hyperallergic
Performance Art,Art History and Architecture,Image,Graduate Thesis,2015,AHA_CP_2015,Hyperallergic
Performance Art,Art History and Architecture,Image,Graduate Thesis,2015,AHA_CP_2015,Hyperallergic
Performance Art,Art History and Architecture,Image,Graduate Thesis,2015,AHA_CP_2015,Hyperallergic
Performance Art,Art History and Architecture,Image,Graduate Thesis,2015,AHA_CP_2015,Hyperallergic
Performance Art,Art History and Architecture,Image,Graduate Thesis,2015,AHA_CP_2015,Kickstarter
Performance Art,Art History and Architecture,Image,Graduate Thesis,2015,AHA_CP_2015,Los Angeles Times
Performance Art,Art History and Architecture,Image,Graduate Thesis,2015,AHA_CP_2015,Marinaabramopug.tumblr.com
Performance Art,Art History and Architecture,Image,Graduate Thesis,2015,AHA_CP_2015,Marinaabramopug.tumblr.com
Performance Art,Art History and Architecture,Image,Graduate Thesis,2015,AHA_CP_2015,Plataforma de Arte Contemporaneo
Performance Art,Art History and Architecture,Image,Graduate Thesis,2015,AHA_CP_2015,The Guardian
Performance Art,Art History and Architecture,Image,Graduate Thesis,2015,AHA_CP_2015,The Observer
Italian Art,Art History and Architecture,Image,Graduate Thesis,2018,AHA_CP_2018,New Liturgical Movement
Baroque Art,Art History and Architecture,Image,Graduate Thesis,2016,AHA_CS_2016,Royal Collection
Baroque Art,Art History and Architecture,Image,Graduate Thesis,2016,AHA_CS_2016,Royal Collection
Baroque Art,Art History and Architecture,Image,Graduate Thesis,2016,AHA_CS_2016,Royal Collection
Baroque Art,Art History and Architecture,Image,Graduate Thesis,2016,AHA_CS_2016,Royal Collection
Baroque Art,Art History and Architecture,Image,Graduate Thesis,2016,AHA_CS_2016,Royal Collection
Baroque Art,Art History and Architecture,Image,Graduate Thesis,2016,AHA_CS_2016,Royal Collection
Baroque Art,Art History and Architecture,Image,Graduate Thesis,2016,AHA_CS_2016,Royal Collection
Baroque Art,Art History and Architecture,Image,Graduate Thesis,2016,AHA_CS_2016,Royal Collection
Baroque Art,Art History and Architecture,Image,Graduate Thesis,2016,AHA_CS_2016,Royal Collection
Baroque Art,Art History and Architecture,Image,Graduate Thesis,2016,AHA_CS_2016,Royal Collection
Baroque Art,Art History and Architecture,Image,Graduate Thesis,2016,AHA_CS_2016,Royal Collection
Baroque Art,Art History and Architecture,Image,Graduate Thesis,2016,AHA_CS_2016,Royal Collection
Baroque Art,Art History and Architecture,Image,Graduate Thesis,2016,AHA_CS_2016,Royal Collection
Baroque Art,Art History and Architecture,Image,Graduate Thesis,2016,AHA_CS_2016,Royal Collection
Baroque Art,Art History and Architecture,Image,Graduate Thesis,2016,AHA_CS_2016,Royal Collection
Baroque Art,Art History and Architecture,Image,Graduate Thesis,2016,AHA_CS_2016,Royal Collection
Baroque Art,Art History and Architecture,Image,Graduate Thesis,2016,AHA_CS_2016,Royal Collection
Baroque Art,Art History and Architecture,Image,Graduate Thesis,2016,AHA_CS_2016,Royal Collection
Baroque Art,Art History and Architecture,Image,Graduate Thesis,2016,AHA_CS_2016,Royal Collection
Baroque Art,Art History and Architecture,Image,Graduate Thesis,2016,AHA_CS_2016,Royal Collection
Baroque Art,Art History and Architecture,Image,Graduate Thesis,2016,AHA_CS_2016,Royal Collection
Baroque Art,Art History and Architecture,Image,Graduate Thesis,2016,AHA_CS_2016,Royal Collection
Baroque Art,Art History and Architecture,Image,Graduate Thesis,2016,AHA_CS_2016,Royal Collection
Art Organizations,Art History and Architecture,Image,Graduate Thesis,2020,AHA_CS_2020,critfc.org
Greco-Roman Art,Art History and Architecture,Image,Graduate Thesis,2016,AHA_KG_2016,Acropolis Museum
Greco-Roman Art,Art History and Architecture,Image,Graduate Thesis,2016,AHA_KG_2016,British Museum
Greco-Roman Art,Art History and Architecture,Image,Graduate Thesis,2016,AHA_KG_2016,British Museum
Greco-Roman Art,Art History and Architecture,Image,Graduate Thesis,2016,AHA_KG_2016,Louvre.fr
Greco-Roman Art,Art History and Architecture,Image,Graduate Thesis,2016,AHA_KG_2016,Louvre.fr
Greco-Roman Art,Art History and Architecture,Image,Graduate Thesis,2016,AHA_KG_2016,National Gallery of Art
Japanese Art,Art History and Architecture,Image,Graduate Thesis,2016,AHA_LS_2016,Metropolitan Museum of Art
Japanese Art,Art History and Architecture,Image,Graduate Thesis,2016,AHA_LS_2016,Metropolitan Museum of Art
Japanese Art,Art History and Architecture,Image,Graduate Thesis,2016,AHA_LS_2016,Tokyo National Museum
Japanese Art,Art History and Architecture,Image,Graduate Thesis,2016,AHA_LS_2016,Tokyo National Museum
Japanese Art,Art History and Architecture,Image,Graduate Thesis,2016,AHA_LS_2016,Tokyo National Museum
Japanese Art,Art History and Architecture,Image,Graduate Thesis,2016,AHA_LS_2016,Tokyo National Museum
Islamic Art,Art History and Architecture,Image,Graduate Thesis,2018,AHA_MA_2018,Museum of Fine Arts Boston
Islamic Art,Art History and Architecture,Image,Graduate Thesis,2018,AHA_MA_2018,Tate.org.uk
European Architecture,Art History and Architecture,Image,Graduate Thesis,2015,AHA_MK_2015,archdaily.com
European Architecture,Art History and Architecture,Image,Graduate Thesis,2015,AHA_MK_2015,BBC News
European Architecture,Art History and Architecture,Image,Graduate Thesis,2015,AHA_MK_2015,Blackwallreach.co.uk
European Architecture,Art History and Architecture,Image,Graduate Thesis,2015,AHA_MK_2015,British Council
European Architecture,Art History and Architecture,Image,Graduate Thesis,2015,AHA_MK_2015,British Council
European Architecture,Art History and Architecture,Image,Graduate Thesis,2015,AHA_MK_2015,British Council
European Architecture,Art History and Architecture,Image,Graduate Thesis,2015,AHA_MK_2015,British Council
European Architecture,Art History and Architecture,Image,Graduate Thesis,2015,AHA_MK_2015,Dezeen.com
European Architecture,Art History and Architecture,Image,Graduate Thesis,2015,AHA_MK_2015,Evening Standard
European Architecture,Art History and Architecture,Image,Graduate Thesis,2015,AHA_MK_2015,Hyperallergic
European Architecture,Art History and Architecture,Image,Graduate Thesis,2015,AHA_MK_2015,Ikea
European Architecture,Art History and Architecture,Image,Graduate Thesis,2015,AHA_MK_2015,independent.co.uk
European Architecture,Art History and Architecture,Image,Graduate Thesis,2015,AHA_MK_2015,movie-locations.com
European Architecture,Art History and Architecture,Image,Graduate Thesis,2015,AHA_MK_2015,Random House
European Architecture,Art History and Architecture,Image,Graduate Thesis,2015,AHA_MK_2015,Tate.org.uk
European Architecture,Art History and Architecture,Image,Graduate Thesis,2015,AHA_MK_2015,Tate.org.uk
European Architecture,Art History and Architecture,Image,Graduate Thesis,2015,AHA_MK_2015,Tate.org.uk
European Architecture,Art History and Architecture,Image,Graduate Thesis,2015,AHA_MK_2015,Tate.org.uk
European Architecture,Art History and Architecture,Image,Graduate Thesis,2015,AHA_MK_2015,The Guardian
European Architecture,Art History and Architecture,Image,Graduate Thesis,2015,AHA_MK_2015,Unitedhousedevelopments.net
European Architecture,Art History and Architecture,Image,Graduate Thesis,2015,AHA_MK_2015,Wikimedia Commons
Contemporary Art,Art History and Architecture,Image,Graduate Thesis,2015,AHA_ML_2015,Artezine
Contemporary Art,Art History and Architecture,Image,Graduate Thesis,2015,AHA_ML_2015,Artezine
Contemporary Art,Art History and Architecture,Image,Graduate Thesis,2015,AHA_ML_2015,Artezine
Contemporary Art,Art History and Architecture,Image,Graduate Thesis,2015,AHA_ML_2015,Artezine
Contemporary Art,Art History and Architecture,Image,Graduate Thesis,2015,AHA_ML_2015,Dadart.com
Contemporary Art,Art History and Architecture,Image,Graduate Thesis,2015,AHA_ML_2015,johncage.org
Contemporary Art,Art History and Architecture,Image,Graduate Thesis,2015,AHA_ML_2015,johncage.org
Street Art,Art History and Architecture,Image,Graduate Thesis,2017,AHA_MM_2017,Amoeba.com
Street Art,Art History and Architecture,Image,Graduate Thesis,2017,AHA_MM_2017,Angenuity
Street Art,Art History and Architecture,Image,Graduate Thesis,2017,AHA_MM_2017,BBC News
Street Art,Art History and Architecture,Image,Graduate Thesis,2017,AHA_MM_2017,Daily Mail
Street Art,Art History and Architecture,Image,Graduate Thesis,2017,AHA_MM_2017,Georgetown University
Street Art,Art History and Architecture,Image,Graduate Thesis,2017,AHA_MM_2017,huckmagazine.com
Street Art,Art History and Architecture,Image,Graduate Thesis,2017,AHA_MM_2017,Huffington Post
Street Art,Art History and Architecture,Image,Graduate Thesis,2017,AHA_MM_2017,laughingsquid.com
Street Art,Art History and Architecture,Image,Graduate Thesis,2017,AHA_MM_2017,madamepickwickartblog.com
Street Art,Art History and Architecture,Image,Graduate Thesis,2017,AHA_MM_2017,madamepickwickartblog.com
Street Art,Art History and Architecture,Image,Graduate Thesis,2017,AHA_MM_2017,noticias24.com
Street Art,Art History and Architecture,Image,Graduate Thesis,2017,AHA_MM_2017,Palestine Poster Project
Street Art,Art History and Architecture,Image,Graduate Thesis,2017,AHA_MM_2017,poieinkaiprattein.org
Street Art,Art History and Architecture,Image,Graduate Thesis,2017,AHA_MM_2017,popaganda.com
Street Art,Art History and Architecture,Image,Graduate Thesis,2017,AHA_MM_2017,Rolling Stone
Street Art,Art History and Architecture,Image,Graduate Thesis,2017,AHA_MM_2017,The Daily Best
Street Art,Art History and Architecture,Image,Graduate Thesis,2017,AHA_MM_2017,therumpus.net
Street Art,Art History and Architecture,Image,Graduate Thesis,2017,AHA_MM_2017,Vaughanjordan.wordpress.com
Street Art,Art History and Architecture,Image,Graduate Thesis,2017,AHA_MM_2017,Voice of San Diego
Street Art,Art History and Architecture,Image,Graduate Thesis,2017,AHA_MM_2017,widewalls.ch
Contemporary Art,Art History and Architecture,Image,Graduate Thesis,2016,AHA_MP_2016,Artchive.com
Contemporary Art,Art History and Architecture,Image,Graduate Thesis,2016,AHA_MP_2016,Discoverthelakes.co.uk
Contemporary Art,Art History and Architecture,Image,Graduate Thesis,2016,AHA_MP_2016,Lakelandcampingbarns.co.uk
Contemporary Art,Art History and Architecture,Image,Graduate Thesis,2015,AHA_SD_2015,Artangel.org.uk
Contemporary Art,Art History and Architecture,Image,Graduate Thesis,2015,AHA_SD_2015,Artangel.org.uk
Contemporary Art,Art History and Architecture,Image,Graduate Thesis,2015,AHA_SD_2015,Artangel.org.uk
Contemporary Art,Art History and Architecture,Image,Graduate Thesis,2015,AHA_SD_2015,Artangel.org.uk
Contemporary Art,Art History and Architecture,Image,Graduate Thesis,2015,AHA_SD_2015,Artangel.org.uk
Contemporary Art,Art History and Architecture,Image,Graduate Thesis,2015,AHA_SD_2015,artfcity.com
Contemporary Art,Art History and Architecture,Image,Graduate Thesis,2015,AHA_SD_2015,historyofourworld
Contemporary Art,Art History and Architecture,Image,Graduate Thesis,2015,AHA_SD_2015,independent.co.uk
Contemporary Art,Art History and Architecture,Image,Graduate Thesis,2015,AHA_SD_2015,luhringaugustine.com
Contemporary Art,Art History and Architecture,Image,Graduate Thesis,2015,AHA_SD_2015,phaidon.com
Contemporary Art,Art History and Architecture,Image,Graduate Thesis,2015,AHA_SD_2015,saatchigallery.com
Contemporary Art,Art History and Architecture,Image,Graduate Thesis,2015,AHA_SD_2015,saatchigallery.com
Asian Art,Art History and Architecture,Image,Graduate Thesis,2016,AHA_SK_2016,jmapps.ne.jp
Asian Art,Art History and Architecture,Image,Graduate Thesis,2016,AHA_SK_2016,Mauritshuis
Asian Art,Art History and Architecture,Image,Graduate Thesis,2016,AHA_SK_2016,Museum Cafa
Asian Art,Art History and Architecture,Image,Graduate Thesis,2016,AHA_SK_2016,The Nigata Prefectural Museum of Modern Art
Asian Art,Art History and Architecture,Image,Graduate Thesis,2016,AHA_SK_2016,tobunken.go.jp
Asian Art,Art History and Architecture,Image,Graduate Thesis,2016,AHA_SK_2016,tobunken.go.jp
Asian Art,Art History and Architecture,Image,Graduate Thesis,2016,AHA_SK_2016,tobunken.go.jp
Asian Art,Art History and Architecture,Image,Graduate Thesis,2016,AHA_SK_2016,tobunken.go.jp
German Art,Art History and Architecture,Image,Graduate Thesis,2017,AHA_SK_2017,Bauhaus
Chinese Art,Art History and Architecture,Image,Graduate Thesis,2019,AHA_YC_2019,Archives.sh.cn
Chinese Art,Art History and Architecture,Image,Graduate Thesis,2019,AHA_YC_2019,The Palace Museum
Hellenistic Art in Japanese Video Games,Art History and Architecture,Image,Graduate Thesis,2021,AHA_ZC_2021,Art Nerd City Guides
Hellenistic Art in Japanese Video Games,Art History and Architecture,Image,Graduate Thesis,2021,AHA_ZC_2021,Beliver Magazine
Hellenistic Art in Japanese Video Games,Art History and Architecture,Image,Graduate Thesis,2021,AHA_ZC_2021,Dali Paintings
Hellenistic Art in Japanese Video Games,Art History and Architecture,Image,Graduate Thesis,2021,AHA_ZC_2021,From the Archivist's Notebook
Hellenistic Art in Japanese Video Games,Art History and Architecture,Image,Graduate Thesis,2021,AHA_ZC_2021,Getty Villa Museum
Hellenistic Art in Japanese Video Games,Art History and Architecture,Image,Graduate Thesis,2021,AHA_ZC_2021,Harvard Art Museums
Hellenistic Art in Japanese Video Games,Art History and Architecture,Image,Graduate Thesis,2021,AHA_ZC_2021,Le Gallerie Degli Uffizi
Hellenistic Art in Japanese Video Games,Art History and Architecture,Image,Graduate Thesis,2021,AHA_ZC_2021,Pictures From Italy
Hellenistic Art in Japanese Video Games,Art History and Architecture,Image,Graduate Thesis,2021,AHA_ZC_2021,Retrogaming History
Hellenistic Art in Japanese Video Games,Art History and Architecture,Image,Graduate Thesis,2021,AHA_ZC_2021,Wikimedia Commons
Hellenistic Art in Japanese Video Games,Art History and Architecture,Image,Graduate Thesis,2021,AHA_ZC_2021,World History Encyclopedia
Japanese Architecture,Art History and Architecture,Image,Graduate Thesis,2019,AHA_ZL_2019,Research Institute for Japanese Traditional Music
Japanese Architecture,Art History and Architecture,Image,Graduate Thesis,2019,AHA_ZL_2019,sonic.net
Japanese History,History,Image,Graduate Thesis,2013,H_BG_2013,Oregon Digital
Japanese History,History,Image,Graduate Thesis,2013,H_BG_2013,Tokyo National Museum
U.S. History,History,Image,Graduate Thesis,2019,H_IU_2019,University of Victoria Art Collection
Culinary History,History,Image,Graduate Thesis,2019,H_JF_2019-2,Library of Congress
Indigenous History,History,Image,Dissertation,2019,H_JF_2019,British Museum
Indigenous History,History,Image,Dissertation,2019,H_JF_2019,World Digital Library
European History,History,Image,Graduate Thesis,2017,H_ML_2017,British Library Digital Catalogue
European History,History,Image,Graduate Thesis,2017,H_ML_2017,Eichfelder
European History,History,Image,Graduate Thesis,2017,H_ML_2017,Google eBook
European History,History,Image,Graduate Thesis,2017,H_ML_2017,Muzeumi Nemzeti Galeria
European History,History,Image,Graduate Thesis,2017,H_ML_2017,National Gallery of Art
European History,History,Image,Graduate Thesis,2017,H_ML_2017,Scala Archives
European History,History,Image,Graduate Thesis,2017,H_ML_2017,UK National Portrait Gallery
European History,History,Image,Graduate Thesis,2017,H_ML_2017,UK National Portrait Gallery
European History,History,Image,Graduate Thesis,2017,H_ML_2017,Universalmuseum Joanneum
European History,History,Image,Graduate Thesis,2017,H_ML_2017,Unknown
European History,History,Image,Graduate Thesis,2017,H_ML_2017,Wikimedia Commons
European History,History,Image,Graduate Thesis,2017,H_ML_2017,Wikimedia Commons
European History,History,Image,Graduate Thesis,2017,H_ML_2017,Wikimedia Commons
Environmental History,History,Image,Dissertation,2017,H_MM_2017,Maine Memory Network
U.S. History,History,Image,Dissertation,2020,H_NF_2020,Denver Public Library
Azeri History,History,Image,Dissertation,2020,H_RH_2020,Wikimedia Commons
Lesbian History,History,Image,Graduate Thesis,2014,H_SG_2014,Oregon Digital
U.S. History,History,Image,Dissertation,2018,H_SL_2018,Museum of the City of New York
U.S. History,History,Image,Dissertation,2018,H_SL_2018,New York Public Library Digital Collections
U.S. History,History,Image,Dissertation,2018,H_SL_2018,University of Texas Libraries
Japanese History,History,Image,Dissertation,2014,H_TG_2014,National Archives of Japan Digital Archive
Japanese History,History,Image,Dissertation,2014,H_TG_2014,National Diet Library Digital Collections
Italian History,History,Image,Graduate Thesis,2017,H_ZB_2017,David Rumsey Map Collection
Italian History,History,Image,Graduate Thesis,2017,H_ZB_2017,David Rumsey Map Collection
Italian History,History,Image,Graduate Thesis,2017,H_ZB_2017,FIFA.com
Italian History,History,Image,Graduate Thesis,2017,H_ZB_2017,Wikimedia Commons
Hellenistic Art in Japanese Video Games,Art History and Architecture,Interactive Book,Graduate Thesis,2021,AHA_ZC_2021,Archive.org
Culinary History,History,Interactive Book,Graduate Thesis,2019,H_JF_2019-2,HathiTrust
U.S. History,History,Interactive Book,Dissertation,2020,H_NF_2020,Archive.org
U.S. History,History,Interactive Book,Dissertation,2020,H_NF_2020,The New York Public Library Digital Collections
Azeri History,History,Interactive Book,Dissertation,2020,H_RH_2020,Princeton University Digital Library
Environmental History,History,Internet Forum,Dissertation,2017,H_MM_2017,Leatherneck.com
Chinese Art,Art History and Architecture,Magazine Article,Graduate Thesis,2016,AHA_AM_2016,Biennial Foundation
Chinese Art,Art History and Architecture,Magazine Article,Graduate Thesis,2016,AHA_AM_2016,Campaign Brief
Chinese Art,Art History and Architecture,Magazine Article,Graduate Thesis,2016,AHA_AM_2016,Campaign Brief
Contemporary Art,Art History and Architecture,Magazine Article,Graduate Thesis,2015,AHA_CD_2015,Frieze
Contemporary Art,Art History and Architecture,Magazine Article,Graduate Thesis,2015,AHA_CH_2015,The New Yorker
Performance Art,Art History and Architecture,Magazine Article,Graduate Thesis,2015,AHA_CP_2015,Frieze
Art Organizations,Art History and Architecture,Magazine Article,Graduate Thesis,2020,AHA_CS_2020,The Sun
Art Organizations,Art History and Architecture,Magazine Article,Graduate Thesis,2020,AHA_CS_2020,Yes! Magazine
Ancient Roman Art,Art History and Architecture,Magazine Article,Graduate Thesis,2018,AHA_LM_2018,The Root
Islamic Art,Art History and Architecture,Magazine Article,Graduate Thesis,2018,AHA_MA_2018,Brown Political Review
DEI in Art,Art History and Architecture,Magazine Article,Graduate Thesis,2020,AHA_SS_2020,New York Magazine
Argentinian Art,Art History and Architecture,Newspaper,Graduate Thesis,2019,AHA_LM_2019,La Voz
U.S. History,History,Newspaper,Dissertation,2020,H_NF_2020,Montana Memory Project
Anquarian Librarianship,Art History and Architecture,None,Graduate Thesis,2017,AHA_AG_2017,
European Art,Art History and Architecture,None,Graduate Thesis,2016,AHA_AN_2016,
Illustration,Art History and Architecture,None,Graduate Thesis,2019,AHA_CH_2019,
Chinese Art,Art History and Architecture,None,Graduate Thesis,2017,AHA_KX_2017,
Culinary History,History,None,Graduate Thesis,2015,H_BB_2015,
Women's History,History,None,Dissertation,2013,H_CA_2013,
Women's History,History,None,Graduate Thesis,2017,H_HW_2017,
Japanese History,History,None,Graduate Thesis,2016,H_IC_2016,
U.S. History,History,None,Dissertation,2019,H_MW_2019,
U.S. History,History,None,Dissertation,2014,H_NJ_2014,
European History,History,None,Graduate Thesis,2014,H_NO_2014,
Women's History,History,None,Graduate Thesis,2014,H_RH_2014,
Chinese History,History,None,Graduate Thesis,2017,H_SH_2017,
Indigenous History,History,None,Graduate Thesis,2016,H_TK_2016,
Chinese Art,Art History and Architecture,OA Journal Article,Graduate Thesis,2016,AHA_AM_2016,Trans Asia Photography Review
French Art,Art History and Architecture,OA Journal Article,Graduate Thesis,2016,AHA_CB_2016,Syria
French Art,Art History and Architecture,OA Journal Article,Graduate Thesis,2016,AHA_CB_2016,The Royal Society Publishing
Contemporary Art,Art History and Architecture,OA Journal Article,Graduate Thesis,2015,AHA_CD_2015,e-flux
Contemporary Art,Art History and Architecture,OA Journal Article,Graduate Thesis,2015,AHA_CD_2015,LTTR.org
Art Organizations,Art History and Architecture,OA Journal Article,Graduate Thesis,2020,AHA_CS_2020,ARCTIC
Art Organizations,Art History and Architecture,OA Journal Article,Graduate Thesis,2020,AHA_CS_2020,"Journal of Open Innovation: Technology, Market, and Complexity"
Art Organizations,Art History and Architecture,OA Journal Article,Graduate Thesis,2020,AHA_CS_2020,Proceedings of the National Academy of Science
Islamic Art,Art History and Architecture,OA Journal Article,Graduate Thesis,2018,AHA_MA_2018,International Journal of Constitutional Law
Islamic Art,Art History and Architecture,OA Journal Article,Graduate Thesis,2018,AHA_MA_2018,Osgoode Digital Commons
Islamic Art,Art History and Architecture,OA Journal Article,Graduate Thesis,2018,AHA_MA_2018,Translation Journal
Oregon History,History,Social Media Post,Graduate Thesis,2020,H_AP_2020,Twitter
Japanese History,History,Statistics Data,Graduate Thesis,2015,H_EC_2015,Statistics Japan
Environmental History,History,Statistics Data,Dissertation,2017,H_MM_2017,Tacitus.nu
Earthworks,Art History and Architecture,Transcript,Graduate Thesis,2019,AHA_CC_2019,Smithsonian
European Architecture,Art History and Architecture,Transcript,Graduate Thesis,2015,AHA_MK_2015,Princeofwales.gov.uk
U.S. History,History,Transcript,Graduate Thesis,2013,H_JB_2013,Library of Congress
U.S. History,History,Transcript,Dissertation,2018,H_JB_2018,John F. Kennedy Presidential Library
U.S. History,History,Transcript,Dissertation,2018,H_JB_2018,Library of Congress
Chinese Art,Art History and Architecture,Video,Graduate Thesis,2016,AHA_AM_2016,YouTube
Earthworks,Art History and Architecture,Video,Graduate Thesis,2019,AHA_CC_2019,Charlesrossstudio.com
Earthworks,Art History and Architecture,Video,Graduate Thesis,2019,AHA_CC_2019,YouTube
Contemporary Art,Art History and Architecture,Video,Graduate Thesis,2015,AHA_CD_2015,The Pew Center for the Arts & Heritage
Contemporary Art,Art History and Architecture,Video,Graduate Thesis,2015,AHA_CD_2015,YouTube
Contemporary Art,Art History and Architecture,Video,Graduate Thesis,2015,AHA_CH_2015,sfmoma.org
Contemporary Art,Art History and Architecture,Video,Graduate Thesis,2015,AHA_CH_2015,sfmoma.org
Contemporary Art,Art History and Architecture,Video,Graduate Thesis,2015,AHA_CH_2015,YouTube
Contemporary Art,Art History and Architecture,Video,Graduate Thesis,2015,AHA_CH_2015,YouTube
Contemporary Art,Art History and Architecture,Video,Graduate Thesis,2015,AHA_CH_2015,YouTube
Performance Art,Art History and Architecture,Video,Graduate Thesis,2015,AHA_CP_2015,Vimeo
Performance Art,Art History and Architecture,Video,Graduate Thesis,2015,AHA_CP_2015,Vimeo
Performance Art,Art History and Architecture,Video,Graduate Thesis,2015,AHA_CP_2015,Vimeo
Performance Art,Art History and Architecture,Video,Graduate Thesis,2015,AHA_CP_2015,YouTube
Art Organizations,Art History and Architecture,Video,Graduate Thesis,2020,AHA_CS_2020,YouTube
LGBTQ+ Art,Art History and Architecture,Video,Graduate Thesis,2019,AHA_LA_2019,YouTube
Argentinian Art,Art History and Architecture,Video,Graduate Thesis,2019,AHA_LM_2019,YouTube
Argentinian Art,Art History and Architecture,Video,Graduate Thesis,2019,AHA_LM_2019,YouTube
Latin American Art,Art History and Architecture,Video,Graduate Thesis,2020,AHA_LM_2020,University of Oregon
Latin American Art,Art History and Architecture,Video,Graduate Thesis,2020,AHA_LM_2020,YouTube
Film,Art History and Architecture,Video,Graduate Thesis,2019,AHA_LZ_2019,YouTube
Film,Art History and Architecture,Video,Graduate Thesis,2019,AHA_LZ_2019,YouTube
Islamic Art,Art History and Architecture,Video,Graduate Thesis,2018,AHA_MA_2018,LIMA
European Architecture,Art History and Architecture,Video,Graduate Thesis,2015,AHA_MK_2015,British Council
European Architecture,Art History and Architecture,Video,Graduate Thesis,2015,AHA_MK_2015,Vice
Street Art,Art History and Architecture,Video,Graduate Thesis,2017,AHA_MM_2017,Vimeo
Street Art,Art History and Architecture,Video,Graduate Thesis,2017,AHA_MM_2017,YouTube
Street Art,Art History and Architecture,Video,Graduate Thesis,2017,AHA_MM_2017,YouTube
U.S. History,History,Video,Graduate Thesis,2014,H_CS_2014,PBS
U.S. History,History,Video,Graduate Thesis,2014,H_CM_2014,C-Span.org
Lesbian History,History,Video,Graduate Thesis,2014,H_SG_2014,YouTube
Performance Art,Art History and Architecture,Video Game,Graduate Thesis,2015,AHA_CP_2015,pippinbarr.com
Performance Art,Art History and Architecture,Video Game,Graduate Thesis,2015,AHA_CP_2015,pippinbarr.com
European Art,Art History and Architecture,Webpage,Graduate Thesis,2017,AHA_AA_2017,Traveling in Tuscany
European Art,Art History and Architecture,Webpage,Graduate Thesis,2017,AHA_AA_2017,Victoria and Albert Museum
Chinese Art,Art History and Architecture,Webpage,Graduate Thesis,2016,AHA_AM_2016,Wunderman Thompson
Earthworks,Art History and Architecture,Webpage,Graduate Thesis,2019,AHA_CC_2019,ArtForum
Earthworks,Art History and Architecture,Webpage,Graduate Thesis,2019,AHA_CC_2019,Obama White House Archives
Earthworks,Art History and Architecture,Webpage,Graduate Thesis,2019,AHA_CC_2019,The Guardian
Earthworks,Art History and Architecture,Webpage,Graduate Thesis,2019,AHA_CC_2019,The New York Times
Earthworks,Art History and Architecture,Webpage,Graduate Thesis,2019,AHA_CC_2019,The New York Times
Contemporary Art,Art History and Architecture,Webpage,Graduate Thesis,2015,AHA_CH_2015,Artistspace.org
Performance Art,Art History and Architecture,Webpage,Graduate Thesis,2015,AHA_CP_2015,Kickstarter
Performance Art,Art History and Architecture,Webpage,Graduate Thesis,2015,AHA_CP_2015,Sean Kelly Gallery
Performance Art,Art History and Architecture,Webpage,Graduate Thesis,2015,AHA_CP_2015,Sean Kelly Gallery
Art Organizations,Art History and Architecture,Webpage,Graduate Thesis,2020,AHA_CS_2020,Alliance of Artists Communities
Art Organizations,Art History and Architecture,Webpage,Graduate Thesis,2020,AHA_CS_2020,nodaplarchive.com
Art Organizations,Art History and Architecture,Webpage,Graduate Thesis,2020,AHA_CS_2020,parafin.co.uk
Art Organizations,Art History and Architecture,Webpage,Graduate Thesis,2020,AHA_CS_2020,Reartist.org
Art Organizations,Art History and Architecture,Webpage,Graduate Thesis,2020,AHA_CS_2020,rebeccasexton.net
Art Organizations,Art History and Architecture,Webpage,Graduate Thesis,2020,AHA_CS_2020,Signal Fire Arts
Art Organizations,Art History and Architecture,Webpage,Graduate Thesis,2020,AHA_CS_2020,Signal Fire Arts
Art Organizations,Art History and Architecture,Webpage,Graduate Thesis,2020,AHA_CS_2020,Signal Fire Arts
Art Organizations,Art History and Architecture,Webpage,Graduate Thesis,2020,AHA_CS_2020,Signal Fire Arts
Art Organizations,Art History and Architecture,Webpage,Graduate Thesis,2020,AHA_CS_2020,The Center for Land Use Interpretation
Art Organizations,Art History and Architecture,Webpage,Graduate Thesis,2020,AHA_CS_2020,TransArtists
Chinese Art,Art History and Architecture,Webpage,Graduate Thesis,2015,AHA_DJ_2015,Asian Art Museum
Chinese Art,Art History and Architecture,Webpage,Graduate Thesis,2015,AHA_DJ_2015,Asianinfo.org
Chinese Art,Art History and Architecture,Webpage,Graduate Thesis,2015,AHA_DJ_2015,Buddhism Guide
Chinese Art,Art History and Architecture,Webpage,Graduate Thesis,2015,AHA_DJ_2015,Lungshan.org.tw
Chinese Art,Art History and Architecture,Webpage,Graduate Thesis,2015,AHA_DJ_2015,Lungshan.org.tw
Chinese Art,Art History and Architecture,Webpage,Graduate Thesis,2015,AHA_DJ_2015,Lungshan.org.tw
Elizabethan Attire,Art History and Architecture,Webpage,Graduate Thesis,2014,AHA_JN_2014,British History Online
Elizabethan Attire,Art History and Architecture,Webpage,Graduate Thesis,2014,AHA_JN_2014,The Worshipful Company of Cutlers
LGBTQ+ Art,Art History and Architecture,Webpage,Graduate Thesis,2019,AHA_LA_2019,Hyperallergic
LGBTQ+ Art,Art History and Architecture,Webpage,Graduate Thesis,2019,AHA_LA_2019,The Guardian
Chinese Architecture,Art History and Architecture,Webpage,Graduate Thesis,2015,AHA_LL_2015,Unesco
Chinese Architecture,Art History and Architecture,Webpage,Graduate Thesis,2015,AHA_LL_2015,Unesco
Argentinian Art,Art History and Architecture,Webpage,Graduate Thesis,2019,AHA_LM_2019,The Disappeared Project
Islamic Art,Art History and Architecture,Webpage,Graduate Thesis,2018,AHA_MA_2018,Bomb Magazine
Islamic Art,Art History and Architecture,Webpage,Graduate Thesis,2018,AHA_MA_2018,Lalla Essaydi
Islamic Art,Art History and Architecture,Webpage,Graduate Thesis,2018,AHA_MA_2018,The Photo Argus
European Architecture,Art History and Architecture,Webpage,Graduate Thesis,2015,AHA_MK_2015,British Council
European Architecture,Art History and Architecture,Webpage,Graduate Thesis,2015,AHA_MK_2015,english-heritage.org.uk
European Architecture,Art History and Architecture,Webpage,Graduate Thesis,2015,AHA_MK_2015,english-heritage.org.uk
European Architecture,Art History and Architecture,Webpage,Graduate Thesis,2015,AHA_MK_2015,english-heritage.org.uk
European Architecture,Art History and Architecture,Webpage,Graduate Thesis,2015,AHA_MK_2015,gov.uk
European Architecture,Art History and Architecture,Webpage,Graduate Thesis,2015,AHA_MK_2015,HCL Architects
European Architecture,Art History and Architecture,Webpage,Graduate Thesis,2015,AHA_MK_2015,Historic England
European Architecture,Art History and Architecture,Webpage,Graduate Thesis,2015,AHA_MK_2015,Twentieth Century Society
European Architecture,Art History and Architecture,Webpage,Graduate Thesis,2015,AHA_MK_2015,Urbansplash
Street Art,Art History and Architecture,Webpage,Graduate Thesis,2017,AHA_MM_2017,Ron English's Propaganda
Asian Art,Art History and Architecture,Webpage,Graduate Thesis,2016,AHA_SK_2016,Museum Cafa
Asian Art,Art History and Architecture,Webpage,Graduate Thesis,2016,AHA_SK_2016,Museum Cafa
European Art,Art History and Architecture,Webpage,Graduate Thesis,2016,AHA_SM_2016,Speaking Objects
DEI in Art,Art History and Architecture,Webpage,Graduate Thesis,2020,AHA_SS_2020,Museum of Modern Art
DEI in Art,Art History and Architecture,Webpage,Graduate Thesis,2020,AHA_SS_2020,Museum of Modern Art
DEI in Art,Art History and Architecture,Webpage,Graduate Thesis,2020,AHA_SS_2020,The African Center
Hellenistic Art in Japanese Video Games,Art History and Architecture,Webpage,Graduate Thesis,2021,AHA_ZC_2021,The Louvre
Japanese Architecture,Art History and Architecture,Webpage,Graduate Thesis,2019,AHA_ZL_2019,Costume Museum
Japanese Architecture,Art History and Architecture,Webpage,Graduate Thesis,2019,AHA_ZL_2019,Research Institute for Japanese Traditional Music
Japanese Architecture,Art History and Architecture,Webpage,Graduate Thesis,2019,AHA_ZL_2019,Research Institute for Japanese Traditional Music
Post WWII History,History,Webpage,Graduate Thesis,2015,H_AD_2015,BBC News
Oregon History,History,Webpage,Graduate Thesis,2020,H_AP_2020,Harvard Gazette
Oregon History,History,Webpage,Graduate Thesis,2020,H_AP_2020,Oregon Secretary of State
Oregon History,History,Webpage,Graduate Thesis,2020,H_AP_2020,The Atlantic
U.S. History,History,Webpage,Graduate Thesis,2014,H_CM_2014,UC Santa Barbara
Women's History,History,Webpage,Graduate Thesis,2020,H_CS_2020,Economic History Association
Japanese History,History,Webpage,Graduate Thesis,2015,H_EC_2015,Britannica
Japanese History,History,Webpage,Graduate Thesis,2015,H_EC_2015,New World Encyclopedia
Japanese History,History,Webpage,Graduate Thesis,2015,H_EC_2015,The Asian-Pacific Journal: Japan Focus
Japanese History,History,Webpage,Graduate Thesis,2015,H_EC_2015,World War II Database
French History,History,Webpage,Dissertation,2014,H_EG_2014,Lyon.fr
Russian History,History,Webpage,Graduate Thesis,2018,H_EB_2018,Wikimedia Commons
Japanese History,History,Webpage,Dissertation,2018,H_HM_2018,Central Research Services
Japanese History,History,Webpage,Dissertation,2018,H_HM_2018,Japanese Consumers' Co-Operative Union
Culinary History,History,Webpage,Graduate Thesis,2019,H_JF_2019-2,Encyclopedia of Chicago
Indigenous History,History,Webpage,Dissertation,2019,H_JF_2019,Government of Mexico
U.S. History,History,Webpage,Graduate Thesis,2018,H_LG_2018,Indiana University Bloomington
U.S. History,History,Webpage,Graduate Thesis,2018,H_LG_2018,North Carolina Central University
U.S. History,History,Webpage,Graduate Thesis,2018,H_LG_2018,The Atlantic
U.S. History,History,Webpage,Graduate Thesis,2018,H_LG_2018,The Chicago Tribune
U.S. History,History,Webpage,Graduate Thesis,2018,H_LG_2018,Today.com
U.S. History,History,Webpage,Graduate Thesis,2018,H_LG_2018,University of North Carolina at Chapel Hill Libraries
U.S. History,History,Webpage,Graduate Thesis,2018,H_LG_2018,Virginia Heritage
Environmental History,History,Webpage,Dissertation,2017,H_MM_2017,Oxford Dictionary of National Biography
Environmental History,History,Webpage,Dissertation,2017,H_MM_2017,pnwumc.org
Environmental History,History,Webpage,Dissertation,2017,H_MM_2017,Slate
U.S. History,History,Webpage,Graduate Thesis,2019,H_MY_2019,Cannery Life: Del Monte in the Santa Clara Valley
Latin American History,History,Webpage,Graduate Thesis,2016,H_RV_2016,Bracero History Archive
Lesbian History,History,Webpage,Graduate Thesis,2014,H_SG_2014,California College of the Arts
U.S. History,History,Webpage,Dissertation,2018,H_SL_2018,Oregon State University
U.S. History,History,Webpage,Dissertation,2018,H_SL_2018,Oxford English Dictionary
U.S. History,History,Webpage,Dissertation,2018,H_SL_2018,The Guardian
Japanese History,History,Webpage,Dissertation,2014,H_TG_2014,The Korean Herald
