History,Archival Record,Dissertation,2020
History,Webpage,Dissertation,2014
History,Webpage,Dissertation,2014
History,Webpage,Dissertation,2017
History,Webpage,Dissertation,2017
History,Webpage,Dissertation,2018
History,Webpage,Dissertation,2018
History,Book,Dissertation,2020
History,Webpage,Dissertation,2018
History,Webpage,Dissertation,2017
History,Webpage,Dissertation,2018
History,Webpage,Dissertation,2018
History,Historic Book,Dissertation,2013
History,Historic Book,Dissertation,2013
History,Historic Book,Dissertation,2013
History,Historic Book,Dissertation,2013
History,Historic Book,Dissertation,2013
History,Historic Book,Dissertation,2013
History,Historic Book,Dissertation,2013
History,Historic Book,Dissertation,2013
History,Historic Book,Dissertation,2013
History,Interactive Book,Dissertation,2020
History,Interactive Book,Dissertation,2020
History,Interactive Book,Dissertation,2020
History,Historic Book,Dissertation,2009
History,Historic Document,Dissertation,2013
History,Historic Document,Dissertation,2013
History,Internet Forum,Dissertation,2017
History,Image,Dissertation,2014
History,Image,Dissertation,2018
History,Image,Dissertation,2018
History,Image,Dissertation,2014
History,Newspaper,Dissertation,2020
History,Transcript,Dissertation,2018
History,Transcript,Dissertation,2018
History,Image,Dissertation,2017
History,Image,Dissertation,2018
History,Image,Dissertation,2020
History,Image,Dissertation,2020
History,Statistics Data,Dissertation,2017
History,Image,Dissterations,2019
History,Webpage,Dissterations,2019
History,Image,Dissterations,2019
History,Webpage,Graduate Thesis,2016
History,Archival Record,Graduate Thesis,2019
History,Archival Record,Graduate Thesis,2019
History,Webpage,Graduate Thesis,2018
History,Article,Graduate Thesis,2017
History,Webpage,Graduate Thesis,2014
History,Webpage,Graduate Thesis,2014
History,Webpage,Graduate Thesis,2015
History,Webpage,Graduate Thesis,2015
History,Webpage,Graduate Thesis,2015
History,Webpage,Graduate Thesis,2018
History,Webpage,Graduate Thesis,2018
History,Webpage,Graduate Thesis,2018
History,Webpage,Graduate Thesis,2018
History,Webpage,Graduate Thesis,2018
History,Webpage,Graduate Thesis,2019
History,Webpage,Graduate Thesis,2020
History,Webpage,Graduate Thesis,2020
History,Webpage,Graduate Thesis,2020
History,Book,Graduate Thesis,2019
History,Historic Document,Graduate Thesis,2019
History,Webpage,Graduate Thesis,2015
History,Webpage,Graduate Thesis,2015
History,Webpage,Graduate Thesis,2019
History,Webpage,Graduate Thesis,2020
History,Image,Graduate Thesis,2013
History,Video,Graduate Thesis,2014
History,Video,Graduate Thesis,2014
History,Webpage,Graduate Thesis,2018
History,Webpage,Graduate Thesis,2018
History,Historic Document,Graduate Thesis,2014
History,Historic Document,Graduate Thesis,2014
History,Historic Document,Graduate Thesis,2017
History,Historic Document,Graduate Thesis,2012
History,Historic Document,Graduate Thesis,2014
History,Historic Document,Graduate Thesis,2014
History,Interactive Book,Graduate Thesis,2019
History,Image,Graduate Thesis,2017
History,Image,Graduate Thesis,2017
History,Image,Graduate Thesis,2019
History,Audio,Graduate Thesis,2014
History,Audio,Graduate Thesis,2019
History,Audio,Graduate Thesis,2019
History,Transcript,Graduate Thesis,2013
History,Image,Graduate Thesis,2014
History,Image,Graduate Thesis,2017
History,Image,Graduate Thesis,2017
History,Image,Graduate Thesis,2017
History,Image,Graduate Thesis,2019
History,Image,Graduate Thesis,2013
History,Statistics Data,Graduate Thesis,2015
History,Social Media Post,Graduate Thesis,2020
History,Video,Graduate Thesis,2014
Art History and Architecture,Magazine Article,Graduate Thesis,2018
Art History and Architecture,Blog Post,Graduate Thesis,2018
Art History and Architecture,Blog Post,Graduate Thesis,2019
Art History and Architecture,Blog Post,Graduate Thesis,2019
Art History and Architecture,Blog Post,Graduate Thesis,2019
Art History and Architecture,Blog Post,Graduate Thesis,2015
Art History and Architecture,OA Journal Article,Graduate Thesis,2016
Art History and Architecture,OA Journal Article,Graduate Thesis,2016
Art History and Architecture,OA Journal Article,Graduate Thesis,2018
Art History and Architecture,OA Journal Article,Graduate Thesis,2015
Art History and Architecture,OA Journal Article,Graduate Thesis,2015
Art History and Architecture,OA Journal Article,Graduate Thesis,2018
Art History and Architecture,Webpage,Graduate Thesis,2017
Art History and Architecture,Webpage,Graduate Thesis,2017
Art History and Architecture,Webpage,Graduate Thesis,2019
Art History and Architecture,Webpage,Graduate Thesis,2019
Art History and Architecture,Webpage,Graduate Thesis,2018
Art History and Architecture,Webpage,Graduate Thesis,2018
Art History and Architecture,Webpage,Graduate Thesis,2021
Art History and Architecture,Webpage,Graduate Thesis,2019
Art History and Architecture,Webpage,Graduate Thesis,2019
Art History and Architecture,Webpage,Graduate Thesis,2019
Art History and Architecture,Webpage,Graduate Thesis,2019
Art History and Architecture,Article,Graduate Thesis,2019
Art History and Architecture,Census Data,Graduate Thesis,2019
Art History and Architecture,Encyclopedia Entry,Graduate Thesis,2016
Art History and Architecture,Video,Graduate Thesis,2018
Art History and Architecture,Video,Graduate Thesis,2019
Art History and Architecture,Audio,Graduate Thesis,2015
Art History and Architecture,Video,Graduate Thesis,2015
Art History and Architecture,OA Journal Article,Graduate Thesis,2018
Art History and Architecture,Interactive Book,Graduate Thesis,2021
Art History and Architecture,Magazine,Graduate Thesis,2015
Art History and Architecture,Image,Graduate Thesis,2021
Art History and Architecture,Video,Graduate Thesis,2019
Art History and Architecture,Transcript,Graduate Thesis,2019
Art History and Architecture,Image,Graduate Thesis,2018
Art History and Architecture,Image,Graduate Thesis,2019
Art History and Architecture,Webpage,Graduate Thesis,2018
Art History and Architecture,Image,Graduate Thesis,2021
Art History and Architecture,Image,Graduate Thesis,2019
Art History and Architecture,Image,Graduate Thesis,2019
Art History and Architecture,Image,Graduate Thesis,2019
Art History and Architecture,Image,Graduate Thesis,2019
Art History and Architecture,Image,Graduate Thesis,2019
Art History and Architecture,Image,Graduate Thesis,2019
Art History and Architecture,Image,Graduate Thesis,2019
Art History and Architecture,Image,Graduate Thesis,2019
Art History and Architecture,Image,Graduate Thesis,2019
Art History and Architecture,Image,Graduate Thesis,2019
Art History and Architecture,Image,Graduate Thesis,2019
Art History and Architecture,Image,Graduate Thesis,2015
Art History and Architecture,Video,Graduate Thesis,2015
Art History and Architecture,Webpage,Graduate Thesis,2019
Art History and Architecture,Image,Graduate Thesis,2018
Art History and Architecture,Image,Graduate Thesis,2021
Art History and Architecture,Image,Graduate Thesis,2021
Art History and Architecture,Image,Graduate Thesis,2021
Art History and Architecture,Image,Graduate Thesis,2021
Art History and Architecture,Image,Graduate Thesis,2021
Art History and Architecture,Image,Graduate Thesis,2021
Art History and Architecture,Image,Graduate Thesis,2021
Art History and Architecture,Image,Graduate Thesis,2021
Art History and Architecture,Image,Graduate Thesis,2021
Art History and Architecture,Video,Graduate Thesis,2019
Art History and Architecture,Image,Graduate Thesis,2015
Art History and Architecture,Image,Graduate Thesis,2015
Art History and Architecture,Image,Graduate Thesis,2015
Art History and Architecture,Image,Graduate Thesis,2015
Art History and Architecture,Image,Graduate Thesis,2015
Art History and Architecture,Image,Graduate Thesis,2015
Art History and Architecture,Image,Graduate Thesis,2015
Art History and Architecture,Image,Graduate Thesis,2015
Art History and Architecture,Image,Graduate Thesis,2015
Art History and Architecture,Image,Graduate Thesis,2015
Art History and Architecture,Image,Graduate Thesis,2015
Art History and Architecture,Image,Graduate Thesis,2015
Art History and Architecture,Dissertation,Graduate Thesis,2019
Art History and Architecture,Article,Graduate Thesis,2019
Art History and Architecture,Dissertation,Graduate Thesis,2019
Art History and Architecture,Image,Graduate Thesis,2016
Art History and Architecture,Image,Graduate Thesis,2016
Art History and Architecture,Image,Graduate Thesis,2016
Art History and Architecture,Image,Graduate Thesis,2016
Art History and Architecture,Image,Graduate Thesis,2016
Art History and Architecture,Image,Graduate Thesis,2016
Art History and Architecture,Image,Graduate Thesis,2015
Art History and Architecture,Video,Graduate Thesis,2015
Art History and Architecture,Audio,Graduate Thesis,2015
Art History and Architecture,Video,Graduate Thesis,2015
Art History and Architecture,Image,Graduate Thesis,2015
Art History and Architecture,Video,Graduate Thesis,2015
Art History and Architecture,Article,Graduate Thesis,2015
Art History and Architecture,Image,Graduate Thesis,2015
Art History and Architecture,Image,Graduate Thesis,2015
Art History and Architecture,Video,Graduate Thesis,2015
Art History and Architecture,Image,Graduate Thesis,2015
Art History and Architecture,Magazine Article,Graduate Thesis,2015
Art History and Architecture,Image,Graduate Thesis,2015
Art History and Architecture,Image,Graduate Thesis,2015
Art History and Architecture,Image,Graduate Thesis,2015
Art History and Architecture,Image,Graduate Thesis,2015
Art History and Architecture,Image,Graduate Thesis,2015
Art History and Architecture,Image,Graduate Thesis,2015
Art History and Architecture,Image,Graduate Thesis,2015
Art History and Architecture,Image,Graduate Thesis,2015
Art History and Architecture,Image,Graduate Thesis,2015
Art History and Architecture,Image,Graduate Thesis,2015
Art History and Architecture,Video,Graduate Thesis,2015
Art History and Architecture,Image,Graduate Thesis,2015
Art History and Architecture,Image,Graduate Thesis,2015
Art History and Architecture,Image,Graduate Thesis,2015
Art History and Architecture,Webpage,Graduate Thesis,2015
Art History and Architecture,Audio,Graduate Thesis,2015
Art History and Architecture,Webpage,Graduate Thesis,2015
Art History and Architecture,Blog Post,Graduate Thesis,2015
Art History and Architecture,Webpage,Graduate Thesis,2015
Art History and Architecture,Webpage,Graduate Thesis,2015
Art History and Architecture,Blog Post,Graduate Thesis,2015
Art History and Architecture,Webpage,Graduate Thesis,2015
Art History and Architecture,Blog Post,Graduate Thesis,2015
Art History and Architecture,Article,Graduate Thesis,2015
Art History and Architecture,Webpage,Graduate Thesis,2015
Art History and Architecture,Webpage,Graduate Thesis,2015
History,Image,Graduate Thesis,2017
History,Image,Graduate Thesis,2017
History,Image,Graduate Thesis,2017
History,Image,Graduate Thesis,2017
History,Image,Graduate Thesis,2017
History,Image,Graduate Thesis,2017
History,Image,Graduate Thesis,2017
History,Image,Graduate Thesis,2017
History,Image,Graduate Thesis,2017
History,Image,Graduate Thesis,2017
History,Image,Graduate Thesis,2017
History,Image,Graduate Thesis,2017
