Subject,Discipline,Content Type,Paper Type,Publish Date,Data Set Identifier, Source Location
Azeri History,History,Archival Record,Dissertation,2020,H_RH_2020,Harvard Library
Japanese American History,History,Archival Record,Graduate Thesis,2019,H_OW_2019,Densho Digital Repository
Japanese American History,History,Archival Record,Graduate Thesis,2019,H_OW_2019,University of Washington Libraries
Abdelmalek Sayad,History,Article,Graduate Thesis,2017,H_MJR_2017,Odysseo Digital Archive
American History,History,Audio,Graduate Thesis,2014,H_CM_2014,Truman Library
Japanese American History,History,Audio,Graduate Thesis,2019,H_OW_2019,Online Archive of California
American History,History,Audio,Graduate Thesis,2019,H_IU_2019,umistapotlatch.ca
Azeri History,History,Book,Dissertation,2020,H_RH_2020,Earth Policy Institute
Culinary History,History,Book,Graduate Thesis,2019,H_JF_2019,Project Gutenberg
American Medicine,History,Historic Book,Dissertation,2013,H_CMS_2013,Google eBook
American Medicine,History,Historic Book,Dissertation,2013,H_CMS_2013,Google eBook
American Medicine,History,Historic Book,Dissertation,2013,H_CMS_2013,Google eBook
American Medicine,History,Historic Book,Dissertation,2013,H_CMS_2013,Google eBook
American Medicine,History,Historic Book,Dissertation,2013,H_CMS_2013,Google eBook
American Medicine,History,Historic Book,Dissertation,2013,H_CMS_2013,Google eBook
American Medicine,History,Historic Book,Dissertation,2013,H_CMS_2013,Google eBook
American Medicine,History,Historic Book,Dissertation,2013,H_CMS_2013,Google eBook
American Medicine,History,Historic Book,Dissertation,2013,H_CMS_2013,Google eBook
English Colonialism,History,Historic Book,Dissertation,2009,H_MK_2009,Documenting the American South
Filipino History,History,Historic Document,Dissertation,2013,H_JA_2013,Katipunan: Documents and Studies
American Medicine,History,Historic Document,Dissertation,2013,H_CMS_2013,Google eBook
Culinary History,History,Historic Document,Graduate Thesis,2019,H_JF_2019,Michigan State University Digital Repository
Lesbian History,History,Historic Document,Graduate Thesis,2014,H_SG_2014,Archives West
Westward Expansion,History,Historic Document,Graduate Thesis,2014,H_CS_2014,University of Wisconsin-Madison Libraries
20th Century American History,History,Historic Document,Graduate Thesis,2017,H_ZB_2017,Biblioteca del Congreso Argentina
20th Century African American History,History,Historic Document,Graduate Thesis,2012,H_LB_2012,Hanover College
Westward Expansion,History,Historic Document,Graduate Thesis,2014,H_CS_2014,Archive.org
Westward Expansion,History,Historic Document,Graduate Thesis,2014,H_CS_2014,The University of Nebraska
Japanese History,History,Image,Dissertation,2014,H_TG_2014,National Diet Library Digital Collections
18th - 19th Century American History,History,Image,Dissertation,2018,H_SL_2018,New York Public Library Digital Collections
18th - 19th Century American History,History,Image,Dissertation,2018,H_SL_2018,University of Texas Libraries
Japanese History,History,Image,Dissertation,2014,H_TG_2014,National Archives of Japan Digital Archive
Environmental History,History,Image,Dissertation,2017,H_MM_2017,Maine Memory Network
18th - 19th Century American History,History,Image,Dissertation,2018,H_SL_2018,Museum of the City of New York
20th Century American History,History,Image,Dissertation,2020,H_NF_2020,Denver Public Library
Azeri History,History,Image,Dissertation,2020,H_RH_2020,Wikimedia Commons
Indigenous History,History,Image,Dissterations,2019,H_JF_2019,British Museum
Indigenous History,History,Image,Dissterations,2019,H_JF_2019,World Digital Library
Early Medieval Japanese History,History,Image,Graduate Thesis,2013,H_BG_2013,Tokyo National Museum
20th Century American History,History,Image,Graduate Thesis,2017,H_ZB_2017,David Rumsey Map Collection
20th Century American History,History,Image,Graduate Thesis,2017,H_ZB_2017,David Rumsey Map Collection
Culinary History,History,Image,Graduate Thesis,2019,H_JF_2019,Library of Congress
Lesbian History,History,Image,Graduate Thesis,2014,H_SG_2014,Oregon Digital
Early Modern European History,History,Image,Graduate Thesis,2017,H_ML_2017,Eichfelder
20th Century American History,History,Image,Graduate Thesis,2017,H_ZB_2017,FIFA.com
20th Century American History,History,Image,Graduate Thesis,2017,H_ZB_2017,Wikimedia Commons
American History,History,Image,Graduate Thesis,2019,H_IU_2019,University of Victoria Art Collection
Early Medieval Japanese History,History,Image,Graduate Thesis,2013,H_BG_2013,Oregon Digital
Early Modern European History,History,Image,Graduate Thesis,2017,H_ML_2017,Google eBook
Early Modern European History,History,Image,Graduate Thesis,2017,H_ML_2017,Unknown
Early Modern European History,History,Image,Graduate Thesis,2017,H_ML_2017,Wikimedia Commons
Early Modern European History,History,Image,Graduate Thesis,2017,H_ML_2017,Wikimedia Commons
Early Modern European History,History,Image,Graduate Thesis,2017,H_ML_2017,British Library Digital Catalogue
Early Modern European History,History,Image,Graduate Thesis,2017,H_ML_2017,Muzeumi Nemzeti Galeria
Early Modern European History,History,Image,Graduate Thesis,2017,H_ML_2017,Scala Archives
Early Modern European History,History,Image,Graduate Thesis,2017,H_ML_2017,UK National Portrait Gallery
Early Modern European History,History,Image,Graduate Thesis,2017,H_ML_2017,UK National Portrait Gallery
Early Modern European History,History,Image,Graduate Thesis,2017,H_ML_2017,Universalmuseum Joanneum
Early Modern European History,History,Image,Graduate Thesis,2017,H_ML_2017,National Gallery of Art
Early Modern European History,History,Image,Graduate Thesis,2017,H_ML_2017,Wikimedia Commons
20th Century American History,History,Interactive Book,Dissertation,2020,H_NF_2020,Archive.org
Azeri History,History,Interactive Book,Dissertation,2020,H_RH_2020,Princeton University Digital Library
20th Century American History,History,Interactive Book,Dissertation,2020,H_NF_2020,The New York Public Library Digital Collections
Culinary History,History,Interactive Book,Graduate Thesis,2019,H_JF_2019,HathiTrust
Environmental History,History,Internet Forum,Dissertation,2017,H_MM_2017,Leatherneck.com
20th Century American History,History,Newspaper,Dissertation,2020,H_NF_2020,Montana Memory Project
Oregon History,History,Social Media Post,Graduate Thesis,2020,H_AP_2020,Twitter
Environmental History,History,Statistics Data,Dissertation,2017,H_MM_2017,Tacitus.nu
Japanese History,History,Statistics Data,Graduate Thesis,2015,H_EC_2015,Statistics Japan
20th Century American History,History,Transcript,Dissertation,2018,H_JB_2018,John F. Kennedy Presidential Library
20th Century American History,History,Transcript,Dissertation,2018,H_JB_2018,Library of Congress
20th Century American History,History,Transcript,Graduate Thesis,2013,H_JB_2013,Library of Congress
American History,History,Video,Graduate Thesis,2014,H_CM_2014,C-Span.org
Westward Expansion,History,Video,Graduate Thesis,2014,H_CS_2014,PBS
Lesbian History,History,Video,Graduate Thesis,2014,H_SG_2014,YouTube
19th Century French History,History,Webpage,Dissertation,2014,H_EG_2014,Lyon.fr
Japanese History,History,Webpage,Dissertation,2014,H_TG_2014,The Korean Herald
Environmental History,History,Webpage,Dissertation,2017,H_MM_2017,pnwumc.org
Environmental History,History,Webpage,Dissertation,2017,H_MM_2017,Slate
18th - 19th Century American History,History,Webpage,Dissertation,2018,H_SL_2018,Oregon State University
18th - 19th Century American History,History,Webpage,Dissertation,2018,H_SL_2018,The Guardian
20th Century Japanese History,History,Webpage,Dissertation,2018,H_HM_2018,Japanese Consumers' Co-Operative Union
Environmental History,History,Webpage,Dissertation,2017,H_MM_2017,Oxford Dictionary of National Biography
18th - 19th Century American History,History,Webpage,Dissertation,2018,H_SL_2018,Oxford English Dictionary
20th Century Japanese History,History,Webpage,Dissertation,2018,H_HM_2018,Central Research Services
Indigenous History,History,Webpage,Dissterations,2019,H_JF_2019,Government of Mexico
Mexican History,History,Webpage,Graduate Thesis,2016,H_RV_2016,Bracero History Archive
20th Century American History,History,Webpage,Graduate Thesis,2018,H_LG_2018,Indiana University Bloomington
Lesbian History,History,Webpage,Graduate Thesis,2014,H_SG_2014,California College of the Arts
American History,History,Webpage,Graduate Thesis,2014,H_CM_2014,UC Santa Barbara
Post WWII History,History,Webpage,Graduate Thesis,2015,H_AD_2015,BBC News
Japanese History,History,Webpage,Graduate Thesis,2015,H_EC_2015,The Asian-Pacific Journal: Japan Focus
Japanese History,History,Webpage,Graduate Thesis,2015,H_EC_2015,World War II Database
20th Century American History,History,Webpage,Graduate Thesis,2018,H_LG_2018,The Atlantic
20th Century American History,History,Webpage,Graduate Thesis,2018,H_LG_2018,The Chicago Tribune
20th Century American History,History,Webpage,Graduate Thesis,2018,H_LG_2018,Today.com
20th Century American History,History,Webpage,Graduate Thesis,2018,H_LG_2018,University of North Carolina at Chapel Hill Libraries
Russian History,History,Webpage,Graduate Thesis,2018,H_EB_2018,Wikimedia Commons
Teamsters History,History,Webpage,Graduate Thesis,2019,H_MY_2019,Cannery Life: Del Monte in the Santa Clara Valley
Oregon History,History,Webpage,Graduate Thesis,2020,H_AP_2020,Harvard Gazette
Oregon History,History,Webpage,Graduate Thesis,2020,H_AP_2020,Oregon Secretary of State
Oregon History,History,Webpage,Graduate Thesis,2020,H_AP_2020,The Atlantic
Japanese History,History,Webpage,Graduate Thesis,2015,H_EC_2015,Britannica
Japanese History,History,Webpage,Graduate Thesis,2015,H_EC_2015,New World Encyclopedia
Culinary History,History,Webpage,Graduate Thesis,2019,H_JF_2019,Encyclopedia of Chicago
Women's History,History,Webpage,Graduate Thesis,2020,H_CS_2020,Economic History Association
20th Century American History,History,Webpage,Graduate Thesis,2018,H_LG_2018,North Carolina Central University
20th Century American History,History,Webpage,Graduate Thesis,2018,H_LG_2018,Virginia Heritage
Contemporary British Architecture,Art History and Architecture,Article,Graduate Thesis,2015,AHA_MK_2015,The Guardian
Contemporary British Architecture,Art History and Architecture,Article,Graduate Thesis,2015,AHA_MK_2015,Architects Journal
Contemporary British Architecture,Art History and Architecture,Article,Graduate Thesis,2015,AHA_MK_2015,Architects Journal
Contemporary British Architecture,Art History and Architecture,Article,Graduate Thesis,2015,AHA_MK_2015,Architects Journal
Contemporary British Architecture,Art History and Architecture,Article,Graduate Thesis,2015,AHA_MK_2015,Architects Journal
Contemporary British Architecture,Art History and Architecture,Article,Graduate Thesis,2015,AHA_MK_2015,Architects Journal
Contemporary British Architecture,Art History and Architecture,Article,Graduate Thesis,2015,AHA_MK_2015,The Guardian
Contemporary British Architecture,Art History and Architecture,Article,Graduate Thesis,2015,AHA_MK_2015,The Guardian
Contemporary British Architecture,Art History and Architecture,Article,Graduate Thesis,2015,AHA_MK_2015,The Guardian
Contemporary British Architecture,Art History and Architecture,Article,Graduate Thesis,2015,AHA_MK_2015,The Guardian
Contemporary British Architecture,Art History and Architecture,Article,Graduate Thesis,2015,AHA_MK_2015,The Guardian
Contemporary British Architecture,Art History and Architecture,Article,Graduate Thesis,2015,AHA_MK_2015,The Guardian
Contemporary British Architecture,Art History and Architecture,Article,Graduate Thesis,2015,AHA_MK_2015,The Guardian
Contemporary British Architecture,Art History and Architecture,Article,Graduate Thesis,2015,AHA_MK_2015,Tower Hamlets
Argentinian Art,Art History and Architecture,Article,Graduate Thesis,2019,AHA_LM_2019,Pagina 12
Argentinian Art,Art History and Architecture,Article,Graduate Thesis,2019,AHA_LM_2019,Human Rights Watch
Argentinian Art,Art History and Architecture,Article,Graduate Thesis,2019,AHA_LM_2019,Pagina 12
Argentinian Art,Art History and Architecture,Article,Graduate Thesis,2019,AHA_LM_2019,Papelitos
Argentinian Art,Art History and Architecture,Article,Graduate Thesis,2019,AHA_LM_2019,Papelitos
Argentinian Art,Art History and Architecture,Article,Graduate Thesis,2019,AHA_LM_2019,Papelitos
Argentinian Art,Art History and Architecture,Article,Graduate Thesis,2019,AHA_LM_2019,Pagina 12
Argentinian Art,Art History and Architecture,Article,Graduate Thesis,2019,AHA_LM_2019,El Pais
Argentinian Art,Art History and Architecture,Article,Graduate Thesis,2019,AHA_LM_2019,El Pais
Argentinian Art,Art History and Architecture,Article,Graduate Thesis,2019,AHA_LM_2019,Sinpermiso
Argentinian Art,Art History and Architecture,Article,Graduate Thesis,2019,AHA_LM_2019,Papelitos
Argentinian Art,Art History and Architecture,Article,Graduate Thesis,2019,AHA_LM_2019,Papelitos
Parangole,Art History and Architecture,Article,Graduate Thesis,2020,AHA_LM_2020,Globo
Parangole,Art History and Architecture,Article,Graduate Thesis,2020,AHA_LM_2020,Reuters
Chinese Contemporary Art,Art History and Architecture,Article,Graduate Thesis,2016,AHA_AM_2016,European Environment Agency
Chinese Contemporary Art,Art History and Architecture,Article,Graduate Thesis,2016,AHA_AM_2016,Art Radar Journal
Chinese Contemporary Art,Art History and Architecture,Article,Graduate Thesis,2016,AHA_AM_2016,Vice
Chinese Contemporary Art,Art History and Architecture,Article,Graduate Thesis,2016,AHA_AM_2016,European Environment Agency
Street Art,Art History and Architecture,Article,Graduate Thesis,2017,AHA_MM_2017,Al Jazeera
Street Art,Art History and Architecture,Article,Graduate Thesis,2017,AHA_MM_2017,Street Art News
Street Art,Art History and Architecture,Article,Graduate Thesis,2017,AHA_MM_2017,The Guardian
Street Art,Art History and Architecture,Article,Graduate Thesis,2017,AHA_MM_2017,The Daily Best
Street Art,Art History and Architecture,Audio,Graduate Thesis,2017,AHA_MM_2017,Vox
Contemporary British Architecture,Art History and Architecture,Blog Post,Graduate Thesis,2015,AHA_MK_2015,The Guardian
Contemporary British Architecture,Art History and Architecture,Blog Post,Graduate Thesis,2015,AHA_MK_2015,The Guardian
Argentinian Art,Art History and Architecture,Blog Post,Graduate Thesis,2019,AHA_LM_2019,Tamtampress
Parangole,Art History and Architecture,Blog Post,Graduate Thesis,2020,AHA_LM_2020,Umass Boston Blog Network
Chinese Contemporary Art,Art History and Architecture,Blog Post,Graduate Thesis,2016,AHA_AM_2016,CYARK
Street Art,Art History and Architecture,Blog Post,Graduate Thesis,2017,AHA_MM_2017,Amoeba.com
Elizabethan Attire,Art History and Architecture,Encyclopedia Entry,Graduate Thesis,2014,AHA_JN_2014,Oxford Dictionary of National Biography
Elizabethan Attire,Art History and Architecture,Encyclopedia Entry,Graduate Thesis,2014,AHA_JN_2014,Oxford Dictionary of National Biography
Ancient Roman Art,Art History and Architecture,Essay,Graduate Thesis,2018,AHA_LM_2018,The Metropolitan Museum of Art
Elizabethan Attire,Art History and Architecture,Historic Document,Graduate Thesis,2014,AHA_JN_2014,Bess of Hardwick's Letters
Islamic Art,Art History and Architecture,Magazine Article,Graduate Thesis,2018,AHA_MA_2018,Brown Political Review
Islamic Art,Art History and Architecture,Blog Post,Graduate Thesis,2018,AHA_MA_2018,The Perception of Female Beauty in Art
Roden Crater,Art History and Architecture,Blog Post,Graduate Thesis,2019,AHA_CC_2019,Artnet News
Roden Crater,Art History and Architecture,Blog Post,Graduate Thesis,2019,AHA_CC_2019,Lithub
Roden Crater,Art History and Architecture,Blog Post,Graduate Thesis,2019,AHA_CC_2019,Art News
Contemporary Art,Art History and Architecture,Blog Post,Graduate Thesis,2015,AHA_CD_2015,Theory Now
18th Century French Satirical Art,Art History and Architecture,OA Journal Article,Graduate Thesis,2016,AHA_CB_2016,Syria
18th Century French Satirical Art,Art History and Architecture,OA Journal Article,Graduate Thesis,2016,AHA_CB_2016,The Royal Society Publishing
Islamic Art,Art History and Architecture,OA Journal Article,Graduate Thesis,2018,AHA_MA_2018,International Journal of Constitutional Law
Contemporary Art,Art History and Architecture,OA Journal Article,Graduate Thesis,2015,AHA_CD_2015,LTTR.org
Contemporary Art,Art History and Architecture,OA Journal Article,Graduate Thesis,2015,AHA_CD_2015,e-flux
Islamic Art,Art History and Architecture,OA Journal Article,Graduate Thesis,2018,AHA_MA_2018,Osgoode Digital Commons
Victorian Art,Art History and Architecture,Webpage,Graduate Thesis,2017,AHA_AA_2017,Traveling in Tuscany
Victorian Art,Art History and Architecture,Webpage,Graduate Thesis,2017,AHA_AA_2017,Victoria and Albert Museum
LGBTQ+ Taiwanese Art,Art History and Architecture,Webpage,Graduate Thesis,2019,AHA_LA_2019,Hyperallergic
LGBTQ+ Taiwanese Art,Art History and Architecture,Webpage,Graduate Thesis,2019,AHA_LA_2019,The Guardian
Islamic Art,Art History and Architecture,Webpage,Graduate Thesis,2018,AHA_MA_2018,Bomb Magazine
Islamic Art,Art History and Architecture,Webpage,Graduate Thesis,2018,AHA_MA_2018,The Photo Argus
Hellenistic Art in Japanese Video Games,Art History and Architecture,Webpage,Graduate Thesis,2021,AHA_ZC_2021,The Louvre
Roden Crater,Art History and Architecture,Webpage,Graduate Thesis,2019,AHA_CC_2019,The Guardian
Roden Crater,Art History and Architecture,Webpage,Graduate Thesis,2019,AHA_CC_2019,The New York Times
Roden Crater,Art History and Architecture,Webpage,Graduate Thesis,2019,AHA_CC_2019,ArtForum
Roden Crater,Art History and Architecture,Webpage,Graduate Thesis,2019,AHA_CC_2019,The New York Times
Roden Crater,Art History and Architecture,Article,Graduate Thesis,2019,AHA_CC_2019,Los Angeles Times
Chinese Modernism,Art History and Architecture,Census Data,Graduate Thesis,2019,AHA_YC_2019,gov.cn
18th Century French Satirical Art,Art History and Architecture,Encyclopedia Entry,Graduate Thesis,2016,AHA_CB_2016,Britannica
Islamic Art,Art History and Architecture,Video,Graduate Thesis,2018,AHA_MA_2018,LIMA
Roden Crater,Art History and Architecture,Video,Graduate Thesis,2019,AHA_CC_2019,Charlesrossstudio.com
Contemporary Art,Art History and Architecture,Audio,Graduate Thesis,2015,AHA_CD_2015,Clocktower
Contemporary Art,Art History and Architecture,Video,Graduate Thesis,2015,AHA_CD_2015,YouTube
Islamic Art,Art History and Architecture,OA Journal Article,Graduate Thesis,2018,AHA_MA_2018,Translation Journal
Hellenistic Art in Japanese Video Games,Art History and Architecture,Interactive Book,Graduate Thesis,2021,AHA_ZC_2021,Archive.org
Contemporary Art,Art History and Architecture,Magazine,Graduate Thesis,2015,AHA_CD_2015,Frieze
Hellenistic Art in Japanese Video Games,Art History and Architecture,Image,Graduate Thesis,2021,AHA_ZC_2021,Wikimedia Commons
Roden Crater,Art History and Architecture,Video,Graduate Thesis,2019,AHA_CC_2019,YouTube
Roden Crater,Art History and Architecture,Transcript,Graduate Thesis,2019,AHA_CC_2019,Smithsonian
Islamic Art,Art History and Architecture,Image,Graduate Thesis,2018,AHA_MA_2018,Museum of Fine Arts Boston
Chinese Modernism,Art History and Architecture,Image,Graduate Thesis,2019,AHA_YC_2019,The Palace Museum
Islamic Art,Art History and Architecture,Webpage,Graduate Thesis,2018,AHA_MA_2018,Lalla Essaydi
Hellenistic Art in Japanese Video Games,Art History and Architecture,Image,Graduate Thesis,2021,AHA_ZC_2021,From the Archivist's Notebook
Chinese Modernism,Art History and Architecture,Image,Graduate Thesis,2019,AHA_YC_2019,Archives.sh.cn
Roden Crater,Art History and Architecture,Image,Graduate Thesis,2019,AHA_CC_2019,theverge.com
Roden Crater,Art History and Architecture,Image,Graduate Thesis,2019,AHA_CC_2019,Moca.org
Roden Crater,Art History and Architecture,Image,Graduate Thesis,2019,AHA_CC_2019,diaart.org
Roden Crater,Art History and Architecture,Image,Graduate Thesis,2019,AHA_CC_2019,diaart.org
Roden Crater,Art History and Architecture,Image,Graduate Thesis,2019,AHA_CC_2019,rodencrater.com
Roden Crater,Art History and Architecture,Image,Graduate Thesis,2019,AHA_CC_2019,rodencrater.com
Roden Crater,Art History and Architecture,Image,Graduate Thesis,2019,AHA_CC_2019,staraxis.org
Roden Crater,Art History and Architecture,Image,Graduate Thesis,2019,AHA_CC_2019,staraxis.org
Roden Crater,Art History and Architecture,Image,Graduate Thesis,2019,AHA_CC_2019,Charlesrossstudio.com
Roden Crater,Art History and Architecture,Image,Graduate Thesis,2019,AHA_CC_2019,shiftingconnections.com
Contemporary Art,Art History and Architecture,Image,Graduate Thesis,2015,AHA_CD_2015,Wayne State University Libraries
Contemporary Art,Art History and Architecture,Video,Graduate Thesis,2015,AHA_CD_2015,The Pew Center for the Arts & Heritage
Roden Crater,Art History and Architecture,Webpage,Graduate Thesis,2019,AHA_CC_2019,Obama White House Archives
Islamic Art,Art History and Architecture,Image,Graduate Thesis,2018,AHA_MA_2018,Tate
Hellenistic Art in Japanese Video Games,Art History and Architecture,Image,Graduate Thesis,2021,AHA_ZC_2021,Retrogaming History
Hellenistic Art in Japanese Video Games,Art History and Architecture,Image,Graduate Thesis,2021,AHA_ZC_2021,Getty Villa Museum
Hellenistic Art in Japanese Video Games,Art History and Architecture,Image,Graduate Thesis,2021,AHA_ZC_2021,Harvard Art Museums
Hellenistic Art in Japanese Video Games,Art History and Architecture,Image,Graduate Thesis,2021,AHA_ZC_2021,Art Nerd City Guides
Hellenistic Art in Japanese Video Games,Art History and Architecture,Image,Graduate Thesis,2021,AHA_ZC_2021,Beliver Magazine
Hellenistic Art in Japanese Video Games,Art History and Architecture,Image,Graduate Thesis,2021,AHA_ZC_2021,Dali Paintings
Hellenistic Art in Japanese Video Games,Art History and Architecture,Image,Graduate Thesis,2021,AHA_ZC_2021,World History Encyclopedia
Hellenistic Art in Japanese Video Games,Art History and Architecture,Image,Graduate Thesis,2021,AHA_ZC_2021,Le Gallerie Degli Uffizi
Hellenistic Art in Japanese Video Games,Art History and Architecture,Image,Graduate Thesis,2021,AHA_ZC_2021,Pictures From Italy
LGBTQ+ Taiwanese Art,Art History and Architecture,Video,Graduate Thesis,2019,AHA_LA_2019,YouTube
Contemporary Art,Art History and Architecture,Image,Graduate Thesis,2015,AHA_SD_2015,Artangel.org.uk
Contemporary Art,Art History and Architecture,Image,Graduate Thesis,2015,AHA_SD_2015,Artangel.org.uk
Contemporary Art,Art History and Architecture,Image,Graduate Thesis,2015,AHA_SD_2015,Artangel.org.uk
Contemporary Art,Art History and Architecture,Image,Graduate Thesis,2015,AHA_SD_2015,Artangel.org.uk
Contemporary Art,Art History and Architecture,Image,Graduate Thesis,2015,AHA_SD_2015,Artangel.org.uk
Contemporary Art,Art History and Architecture,Image,Graduate Thesis,2015,AHA_SD_2015,saatchigallery.com
Contemporary Art,Art History and Architecture,Image,Graduate Thesis,2015,AHA_SD_2015,phaidon.com
Contemporary Art,Art History and Architecture,Image,Graduate Thesis,2015,AHA_SD_2015,independent.co.uk
Contemporary Art,Art History and Architecture,Image,Graduate Thesis,2015,AHA_SD_2015,luhringaugustine.com
Contemporary Art,Art History and Architecture,Image,Graduate Thesis,2015,AHA_SD_2015,historyofourworld
Contemporary Art,Art History and Architecture,Image,Graduate Thesis,2015,AHA_SD_2015,saatchigallery.com
Contemporary Art,Art History and Architecture,Image,Graduate Thesis,2015,AHA_SD_2015,artfcity.com
Latin Architecture,Art History and Architecture,Dissertation,Graduate Thesis,2019,AHA_JE_2019,Archivo Digital UPM
Latin Architecture,Art History and Architecture,Article,Graduate Thesis,2019,AHA_JE_2019,grompone.org
Latin Architecture,Art History and Architecture,Dissertation,Graduate Thesis,2019,AHA_JE_2019,Archivo Digital UPM
Greco-Roman Art,Art History and Architecture,Image,Graduate Thesis,2016,AHA_KG_2016,Louvre.fr
Greco-Roman Art,Art History and Architecture,Image,Graduate Thesis,2016,AHA_KG_2016,Louvre.fr
Greco-Roman Art,Art History and Architecture,Image,Graduate Thesis,2016,AHA_KG_2016,British Museum
Greco-Roman Art,Art History and Architecture,Image,Graduate Thesis,2016,AHA_KG_2016,Acropolis Museum
Greco-Roman Art,Art History and Architecture,Image,Graduate Thesis,2016,AHA_KG_2016,British Museum
Greco-Roman Art,Art History and Architecture,Image,Graduate Thesis,2016,AHA_KG_2016,National Gallery of Art
Contemporary Art,Art History and Architecture,Image,Graduate Thesis,2015,AHA_CH_2015,sfmoma.org
Contemporary Art,Art History and Architecture,Video,Graduate Thesis,2015,AHA_CH_2015,sfmoma.org
Contemporary Art,Art History and Architecture,Audio,Graduate Thesis,2015,AHA_CH_2015,Archives of American Art
Contemporary Art,Art History and Architecture,Video,Graduate Thesis,2015,AHA_CH_2015,YouTube
Contemporary Art,Art History and Architecture,Image,Graduate Thesis,2015,AHA_CH_2015,Artstor Digital Library
Contemporary Art,Art History and Architecture,Video,Graduate Thesis,2015,AHA_CH_2015,YouTube
Contemporary Art,Art History and Architecture,Article,Graduate Thesis,2015,AHA_CH_2015,Walkerart.org
Contemporary Art,Art History and Architecture,Image,Graduate Thesis,2015,AHA_CH_2015,Meisel Gallery
Contemporary Art,Art History and Architecture,Image,Graduate Thesis,2015,AHA_CH_2015,sfmoma.org
Contemporary Art,Art History and Architecture,Video,Graduate Thesis,2015,AHA_CH_2015,sfmoma.org
Contemporary Art,Art History and Architecture,Image,Graduate Thesis,2015,AHA_CH_2015,Oregon Digital
Contemporary Art,Art History and Architecture,Magazine Article,Graduate Thesis,2015,AHA_CH_2015,The New Yorker
Contemporary Art,Art History and Architecture,Image,Graduate Thesis,2015,AHA_CH_2015,Artstore Digital Library
Contemporary Art,Art History and Architecture,Image,Graduate Thesis,2015,AHA_CH_2015,Artstore Digital Library
Contemporary Art,Art History and Architecture,Image,Graduate Thesis,2015,AHA_CH_2015,Artstore Digital Library
Contemporary Art,Art History and Architecture,Image,Graduate Thesis,2015,AHA_CH_2015,Artstore Digital Library
Contemporary Art,Art History and Architecture,Image,Graduate Thesis,2015,AHA_CH_2015,Artstore Digital Library
Contemporary Art,Art History and Architecture,Image,Graduate Thesis,2015,AHA_CH_2015,Artstore Digital Library
Contemporary Art,Art History and Architecture,Image,Graduate Thesis,2015,AHA_CH_2015,Oregon Digital
Contemporary Art,Art History and Architecture,Image,Graduate Thesis,2015,AHA_CH_2015,Artstore Digital Library
Contemporary Art,Art History and Architecture,Image,Graduate Thesis,2015,AHA_CH_2015,Oregon Digital
Contemporary Art,Art History and Architecture,Image,Graduate Thesis,2015,AHA_CH_2015,Oregon Digital
Contemporary Art,Art History and Architecture,Video,Graduate Thesis,2015,AHA_CH_2015,YouTube
Contemporary Art,Art History and Architecture,Image,Graduate Thesis,2015,AHA_CH_2015,sfmoma.org
Contemporary Art,Art History and Architecture,Image,Graduate Thesis,2015,AHA_CH_2015,Artmag.com
Contemporary Art,Art History and Architecture,Image,Graduate Thesis,2015,AHA_CH_2015,Whitney Museum of American Art
Contemporary Art,Art History and Architecture,Webpage,Graduate Thesis,2015,AHA_CH_2015,Artistspace.org
Contemporary Art,Art History and Architecture,Audio,Graduate Thesis,2015,AHA_CH_2015,Soundcloud
Buddhist Architecture,Art History and Architecture,Webpage,Graduate Thesis,2015,AHA_DJ_2015,Buddhism Guide
Buddhist Architecture,Art History and Architecture,Blog Post,Graduate Thesis,2015,AHA_DJ_2015,Weekly Wanders
Buddhist Architecture,Art History and Architecture,Webpage,Graduate Thesis,2015,AHA_DJ_2015,Lungshan.org.tw
Buddhist Architecture,Art History and Architecture,Webpage,Graduate Thesis,2015,AHA_DJ_2015,Asianinfo.org
Buddhist Architecture,Art History and Architecture,Blog Post,Graduate Thesis,2015,AHA_DJ_2015,Monastic-asia.wikidot.com
Buddhist Architecture,Art History and Architecture,Webpage,Graduate Thesis,2015,AHA_DJ_2015,Lungshan.org.tw
Buddhist Architecture,Art History and Architecture,Blog Post,Graduate Thesis,2015,AHA_DJ_2015,Monastic-asia.wikidot.com
Buddhist Architecture,Art History and Architecture,Article,Graduate Thesis,2015,AHA_DJ_2015,Los Angeles Times
Buddhist Architecture,Art History and Architecture,Webpage,Graduate Thesis,2015,AHA_DJ_2015,Lungshan.org.tw
Buddhist Architecture,Art History and Architecture,Webpage,Graduate Thesis,2015,AHA_DJ_2015,Asian Art Museum
Contemporary British Architecture,Art History and Architecture,Image,Graduate Thesis,2015,AHA_MK_2015,Evening Standard
Contemporary British Architecture,Art History and Architecture,Image,Graduate Thesis,2015,AHA_MK_2015,Tate.org.uk
Contemporary British Architecture,Art History and Architecture,Image,Graduate Thesis,2015,AHA_MK_2015,Tate.org.uk
Contemporary British Architecture,Art History and Architecture,Image,Graduate Thesis,2015,AHA_MK_2015,Tate.org.uk
Contemporary British Architecture,Art History and Architecture,Image,Graduate Thesis,2015,AHA_MK_2015,Wikimedia Commons
Contemporary British Architecture,Art History and Architecture,Image,Graduate Thesis,2015,AHA_MK_2015,archdaily.com
Contemporary British Architecture,Art History and Architecture,Image,Graduate Thesis,2015,AHA_MK_2015,movie-locations.com
Contemporary British Architecture,Art History and Architecture,Image,Graduate Thesis,2015,AHA_MK_2015,The Guardian
Contemporary British Architecture,Art History and Architecture,Image,Graduate Thesis,2015,AHA_MK_2015,independent.co.uk
Contemporary British Architecture,Art History and Architecture,Image,Graduate Thesis,2015,AHA_MK_2015,Tate.org.uk
Contemporary British Architecture,Art History and Architecture,Image,Graduate Thesis,2015,AHA_MK_2015,Hyperallergic
Contemporary British Architecture,Art History and Architecture,Image,Graduate Thesis,2015,AHA_MK_2015,British Council
Contemporary British Architecture,Art History and Architecture,Image,Graduate Thesis,2015,AHA_MK_2015,Ikea
Contemporary British Architecture,Art History and Architecture,Image,Graduate Thesis,2015,AHA_MK_2015,Unitedhousedevelopments.net
Contemporary British Architecture,Art History and Architecture,Image,Graduate Thesis,2015,AHA_MK_2015,British Council
Contemporary British Architecture,Art History and Architecture,Image,Graduate Thesis,2015,AHA_MK_2015,British Council
Contemporary British Architecture,Art History and Architecture,Image,Graduate Thesis,2015,AHA_MK_2015,BBC News
Contemporary British Architecture,Art History and Architecture,Image,Graduate Thesis,2015,AHA_MK_2015,Random House
Contemporary British Architecture,Art History and Architecture,Image,Graduate Thesis,2015,AHA_MK_2015,Dezeen.com
Contemporary British Architecture,Art History and Architecture,Image,Graduate Thesis,2015,AHA_MK_2015,British Council
Contemporary British Architecture,Art History and Architecture,Image,Graduate Thesis,2015,AHA_MK_2015,Blackwallreach.co.uk
Western Influenced Asian Art,Art History and Architecture,Image,Graduate Thesis,2016,AHA_SK_2016,tobunken.go.jp
Western Influenced Asian Art,Art History and Architecture,Image,Graduate Thesis,2016,AHA_SK_2016,The Nigata Prefectural Museum of Modern Art
Western Influenced Asian Art,Art History and Architecture,Image,Graduate Thesis,2016,AHA_SK_2016,tobunken.go.jp
Western Influenced Asian Art,Art History and Architecture,Image,Graduate Thesis,2016,AHA_SK_2016,tobunken.go.jp
Western Influenced Asian Art,Art History and Architecture,Image,Graduate Thesis,2016,AHA_SK_2016,jmapps.ne.jp
Western Influenced Asian Art,Art History and Architecture,Image,Graduate Thesis,2016,AHA_SK_2016,Mauritshuis
Western Influenced Asian Art,Art History and Architecture,Image,Graduate Thesis,2016,AHA_SK_2016,Museum Cafa
Western Influenced Asian Art,Art History and Architecture,Image,Graduate Thesis,2016,AHA_SK_2016,tobunken.go.jp
German Art,Art History and Architecture,Image,Graduate Thesis,2017,AHA_SK_2017,Bauhaus
Japanese Architecture,Art History and Architecture,Image,Graduate Thesis,2019,AHA_ZL_2019,sonic.net
Japanese Architecture,Art History and Architecture,Image,Graduate Thesis,2019,AHA_ZL_2019,Research Institute for Japanese Traditional Music
Contemporary Art,Art History and Architecture,Image,Graduate Thesis,2015,AHA_ML_2015,Dadart.com
Contemporary Art,Art History and Architecture,Image,Graduate Thesis,2015,AHA_ML_2015,johncage.org
Contemporary Art,Art History and Architecture,Image,Graduate Thesis,2015,AHA_ML_2015,johncage.org
Contemporary Art,Art History and Architecture,Image,Graduate Thesis,2015,AHA_ML_2015,Artezine
Contemporary Art,Art History and Architecture,Image,Graduate Thesis,2015,AHA_ML_2015,Artezine
Contemporary Art,Art History and Architecture,Image,Graduate Thesis,2015,AHA_ML_2015,Artezine
Contemporary Art,Art History and Architecture,Image,Graduate Thesis,2015,AHA_ML_2015,Artezine
Chinese Contemporary Art,Art History and Architecture,Image,Graduate Thesis,2016,AHA_AM_2016,Ekostories
Chinese Contemporary Art,Art History and Architecture,Image,Graduate Thesis,2016,AHA_AM_2016,Ekostories
Chinese Contemporary Art,Art History and Architecture,Image,Graduate Thesis,2016,AHA_AM_2016,Ekostories
Street Art,Art History and Architecture,Image,Graduate Thesis,2017,AHA_MM_2017,Vaughanjordan.wordpress.com
Street Art,Art History and Architecture,Image,Graduate Thesis,2017,AHA_MM_2017,Huffington Post
Street Art,Art History and Architecture,Image,Graduate Thesis,2017,AHA_MM_2017,laughingsquid.com
Street Art,Art History and Architecture,Image,Graduate Thesis,2017,AHA_MM_2017,huckmagazine.com
Street Art,Art History and Architecture,Image,Graduate Thesis,2017,AHA_MM_2017,widewalls.ch
Street Art,Art History and Architecture,Image,Graduate Thesis,2017,AHA_MM_2017,poieinkaiprattein.org
Street Art,Art History and Architecture,Image,Graduate Thesis,2017,AHA_MM_2017,therumpus.net
Street Art,Art History and Architecture,Image,Graduate Thesis,2017,AHA_MM_2017,popaganda.com
Street Art,Art History and Architecture,Image,Graduate Thesis,2017,AHA_MM_2017,Palestine Poster Project
Street Art,Art History and Architecture,Image,Graduate Thesis,2017,AHA_MM_2017,BBC News
Street Art,Art History and Architecture,Image,Graduate Thesis,2017,AHA_MM_2017,Angenuity
Street Art,Art History and Architecture,Image,Graduate Thesis,2017,AHA_MM_2017,madamepickwickartblog.com
Street Art,Art History and Architecture,Image,Graduate Thesis,2017,AHA_MM_2017,madamepickwickartblog.com
Street Art,Art History and Architecture,Image,Graduate Thesis,2017,AHA_MM_2017,Daily Mail
Street Art,Art History and Architecture,Image,Graduate Thesis,2017,AHA_MM_2017,Voice of San Diego
Street Art,Art History and Architecture,Image,Graduate Thesis,2017,AHA_MM_2017,Georgetown University
Street Art,Art History and Architecture,Image,Graduate Thesis,2017,AHA_MM_2017,Rolling Stone
Street Art,Art History and Architecture,Image,Graduate Thesis,2017,AHA_MM_2017,noticias24.com
Street Art,Art History and Architecture,Image,Graduate Thesis,2017,AHA_MM_2017,Amoeba.com
Street Art,Art History and Architecture,Image,Graduate Thesis,2017,AHA_MM_2017,The Daily Best
Early Modern Japanese Art,Art History and Architecture,Image,Graduate Thesis,2016,AHA_AP_2016,Jordan Schnitzer Museum of Art
Early Modern Japanese Art,Art History and Architecture,Image,Graduate Thesis,2016,AHA_AP_2016,The Metropolitan Museum of Art
Early Modern Japanese Art,Art History and Architecture,Image,Graduate Thesis,2016,AHA_AP_2016,National Museum of Asian Art
Early Modern Japanese Art,Art History and Architecture,Image,Graduate Thesis,2016,AHA_AP_2016,National Museum of Asian Art
Early Modern Japanese Art,Art History and Architecture,Image,Graduate Thesis,2016,AHA_AP_2016,cartographic-images.net
Early Modern Japanese Art,Art History and Architecture,Image,Graduate Thesis,2016,AHA_AP_2016,The Metropolitan Museum of Art
Early Modern Japanese Art,Art History and Architecture,Image,Graduate Thesis,2016,AHA_AP_2016,San Diego Museum of Art
Early Modern Japanese Art,Art History and Architecture,Image,Graduate Thesis,2016,AHA_AP_2016,ir.u-gakugei.ac.jp
Early Modern Japanese Art,Art History and Architecture,Image,Graduate Thesis,2016,AHA_AP_2016,ir.u-gakugei.ac.jp
Early Modern Japanese Art,Art History and Architecture,Image,Graduate Thesis,2016,AHA_AP_2016,Library of Congress
Early Modern Japanese Art,Art History and Architecture,Image,Graduate Thesis,2016,AHA_AP_2016,Library of Congress
Early Modern Japanese Art,Art History and Architecture,Image,Graduate Thesis,2016,AHA_AP_2016,choueke.com
Early Modern Japanese Art,Art History and Architecture,Image,Graduate Thesis,2016,AHA_AP_2016,Minneapolis Institute of Art
Early Modern Japanese Art,Art History and Architecture,Image,Graduate Thesis,2016,AHA_AP_2016,Minneapolis Institute of Art
Chinese Contemporary Art,Art History and Architecture,Magazine Article,Graduate Thesis,2016,AHA_AM_2016,Campaign Brief
Chinese Contemporary Art,Art History and Architecture,Magazine Article,Graduate Thesis,2016,AHA_AM_2016,Biennial Foundation
Chinese Contemporary Art,Art History and Architecture,Magazine Article,Graduate Thesis,2016,AHA_AM_2016,Campaign Brief
Ancient Roman Art,Art History and Architecture,Magazine Article,Graduate Thesis,2018,AHA_LM_2018,The Root
Argentinian Art,Art History and Architecture,Newspaper,Graduate Thesis,2019,AHA_LM_2019,La Voz
Chinese Contemporary Art,Art History and Architecture,OA Journal Article,Graduate Thesis,2016,AHA_AM_2016,Trans Asia Photography Review
Contemporary British Architecture,Art History and Architecture,Transcript,Graduate Thesis,2015,AHA_MK_2015,Princeofwales.gov.uk
Contemporary British Architecture,Art History and Architecture,Video,Graduate Thesis,2015,AHA_MK_2015,Vice
Contemporary British Architecture,Art History and Architecture,Video,Graduate Thesis,2015,AHA_MK_2015,British Council
Argentinian Art,Art History and Architecture,Video,Graduate Thesis,2019,AHA_LM_2019,YouTube
Argentinian Art,Art History and Architecture,Video,Graduate Thesis,2019,AHA_LM_2019,YouTube
Parangole,Art History and Architecture,Video,Graduate Thesis,2020,AHA_LM_2020,University of Oregon
Parangole,Art History and Architecture,Video,Graduate Thesis,2020,AHA_LM_2020,YouTube
Chinese Contemporary Art,Art History and Architecture,Video,Graduate Thesis,2016,AHA_AM_2016,YouTube
Street Art,Art History and Architecture,Video,Graduate Thesis,2017,AHA_MM_2017,YouTube
Street Art,Art History and Architecture,Video,Graduate Thesis,2017,AHA_MM_2017,Vimeo
Street Art,Art History and Architecture,Video,Graduate Thesis,2017,AHA_MM_2017,YouTube
Contemporary British Architecture,Art History and Architecture,Webpage,Graduate Thesis,2015,AHA_MK_2015,Urbansplash
Contemporary British Architecture,Art History and Architecture,Webpage,Graduate Thesis,2015,AHA_MK_2015,Historic England
Contemporary British Architecture,Art History and Architecture,Webpage,Graduate Thesis,2015,AHA_MK_2015,British Council
Contemporary British Architecture,Art History and Architecture,Webpage,Graduate Thesis,2015,AHA_MK_2015,english-heritage.org.uk
Contemporary British Architecture,Art History and Architecture,Webpage,Graduate Thesis,2015,AHA_MK_2015,english-heritage.org.uk
Contemporary British Architecture,Art History and Architecture,Webpage,Graduate Thesis,2015,AHA_MK_2015,english-heritage.org.uk
Contemporary British Architecture,Art History and Architecture,Webpage,Graduate Thesis,2015,AHA_MK_2015,gov.uk
Contemporary British Architecture,Art History and Architecture,Webpage,Graduate Thesis,2015,AHA_MK_2015,HCL Architects
Contemporary British Architecture,Art History and Architecture,Webpage,Graduate Thesis,2015,AHA_MK_2015,Twentieth Century Society
Western Influenced Asian Art,Art History and Architecture,Webpage,Graduate Thesis,2016,AHA_SK_2016,Museum Cafa
Western Influenced Asian Art,Art History and Architecture,Webpage,Graduate Thesis,2016,AHA_SK_2016,Museum Cafa
Japanese Architecture,Art History and Architecture,Webpage,Graduate Thesis,2019,AHA_ZL_2019,Research Institute for Japanese Traditional Music
Japanese Architecture,Art History and Architecture,Webpage,Graduate Thesis,2019,AHA_ZL_2019,Costume Museum
Japanese Architecture,Art History and Architecture,Webpage,Graduate Thesis,2019,AHA_ZL_2019,Research Institute for Japanese Traditional Music
Chinese Architecture,Art History and Architecture,Webpage,Graduate Thesis,2015,AHA_LL_2015,Unesco
Chinese Architecture,Art History and Architecture,Webpage,Graduate Thesis,2015,AHA_LL_2015,Unesco
Argentinian Art,Art History and Architecture,Webpage,Graduate Thesis,2019,AHA_LM_2019,The Disappeared Project
Chinese Contemporary Art,Art History and Architecture,Webpage,Graduate Thesis,2016,AHA_AM_2016,Wunderman Thompson
Anglo-Saxon Art,Art History and Architecture,Webpage,Graduate Thesis,2016,AHA_SM_2016,Speaking Objects
Street Art,Art History and Architecture,Webpage,Graduate Thesis,2017,AHA_MM_2017,Ron English's Propaganda
Elizabethan Attire,Art History and Architecture,Webpage,Graduate Thesis,2014,AHA_JN_2014,The Worshipful Company of Cutlers
Elizabethan Attire,Art History and Architecture,Webpage,Graduate Thesis,2014,AHA_JN_2014,British History Online
Performance Art,Art History and Architecture,Article,Graduate Thesis,2015,AHA_CP_2015,artfcity.com
Performance Art,Art History and Architecture,Blog Post,Graduate Thesis,2015,AHA_CP_2015,University of Chicago
Performance Art,Art History and Architecture,Magazine Article,Graduate Thesis,2015,AHA_CP_2015,Frieze
Performance Art,Art History and Architecture,Article,Graduate Thesis,2015,AHA_CP_2015,TED
Performance Art,Art History and Architecture,Article,Graduate Thesis,2015,AHA_CP_2015,The Guardian
Performance Art,Art History and Architecture,Article,Graduate Thesis,2015,AHA_CP_2015,Hyperallergic
Performance Art,Art History and Architecture,Article,Graduate Thesis,2015,AHA_CP_2015,Artnet News
Performance Art,Art History and Architecture,Article,Graduate Thesis,2015,AHA_CP_2015,Artnet News
Performance Art,Art History and Architecture,Video Game,Graduate Thesis,2015,AHA_CP_2015,pippinbarr.com
Performance Art,Art History and Architecture,Article,Graduate Thesis,2015,AHA_CP_2015,Museum of Modern Art
Performance Art,Art History and Architecture,Article,Graduate Thesis,2015,AHA_CP_2015,Hyperallergic
Performance Art,Art History and Architecture,Article,Graduate Thesis,2015,AHA_CP_2015,The Atlantic
Performance Art,Art History and Architecture,Article,Graduate Thesis,2015,AHA_CP_2015,Los Angeles Times
Performance Art,Art History and Architecture,Article,Graduate Thesis,2015,AHA_CP_2015,Hyperallergic
Performance Art,Art History and Architecture,Article,Graduate Thesis,2015,AHA_CP_2015,Hyperallergic
Performance Art,Art History and Architecture,Article,Graduate Thesis,2015,AHA_CP_2015,Hyperallergic
Performance Art,Art History and Architecture,Article,Graduate Thesis,2015,AHA_CP_2015,Artnet News
Performance Art,Art History and Architecture,Archive,Graduate Thesis,2015,AHA_CP_2015,512hours.tumblr.com
Performance Art,Art History and Architecture,Art Exhibit,Graduate Thesis,2015,AHA_CP_2015,Serpentine Galleries
Performance Art,Art History and Architecture,Article,Graduate Thesis,2015,AHA_CP_2015,Huffington Post
Performance Art,Art History and Architecture,Article,Graduate Thesis,2015,AHA_CP_2015,The Guardian
Performance Art,Art History and Architecture,Webpage,Graduate Thesis,2015,AHA_CP_2015,Sean Kelly Gallery
Performance Art,Art History and Architecture,Blog Post,Graduate Thesis,2015,AHA_CP_2015,ArtsBeat
Performance Art,Art History and Architecture,Webpage,Graduate Thesis,2015,AHA_CP_2015,Sean Kelly Gallery
Performance Art,Art History and Architecture,Art Exhibit,Graduate Thesis,2015,AHA_CP_2015,generatorskny.tumblr.com
Performance Art,Art History and Architecture,Video,Graduate Thesis,2015,AHA_CP_2015,Vimeo
Performance Art,Art History and Architecture,Video Game,Graduate Thesis,2015,AHA_CP_2015,pippinbarr.com
Performance Art,Art History and Architecture,Webpage,Graduate Thesis,2015,AHA_CP_2015,Kickstarter
Performance Art,Art History and Architecture,Article,Graduate Thesis,2015,AHA_CP_2015,Hyperallergic
Performance Art,Art History and Architecture,Image,Graduate Thesis,2015,AHA_CP_2015,The Observer
Performance Art,Art History and Architecture,Video,Graduate Thesis,2015,AHA_CP_2015,Vimeo
Performance Art,Art History and Architecture,Video,Graduate Thesis,2015,AHA_CP_2015,YouTube
Performance Art,Art History and Architecture,Image,Graduate Thesis,2015,AHA_CP_2015,generatorskny.tumblr.com
Performance Art,Art History and Architecture,Image,Graduate Thesis,2015,AHA_CP_2015,Kickstarter
Performance Art,Art History and Architecture,Image,Graduate Thesis,2015,AHA_CP_2015,Every Person in New York
Performance Art,Art History and Architecture,Image,Graduate Thesis,2015,AHA_CP_2015,Amirbaradaran.com
Performance Art,Art History and Architecture,Image,Graduate Thesis,2015,AHA_CP_2015,HBO
Performance Art,Art History and Architecture,Image,Graduate Thesis,2015,AHA_CP_2015,blouinartinfo.com
Performance Art,Art History and Architecture,Image,Graduate Thesis,2015,AHA_CP_2015,flickr.com
Performance Art,Art History and Architecture,Image,Graduate Thesis,2015,AHA_CP_2015,Plataforma de Arte Contemporaneo
Performance Art,Art History and Architecture,Image,Graduate Thesis,2015,AHA_CP_2015,Hyperallergic
Performance Art,Art History and Architecture,Image,Graduate Thesis,2015,AHA_CP_2015,Hyperallergic
Performance Art,Art History and Architecture,Image,Graduate Thesis,2015,AHA_CP_2015,Hyperallergic
Performance Art,Art History and Architecture,Image,Graduate Thesis,2015,AHA_CP_2015,Hyperallergic
Performance Art,Art History and Architecture,Image,Graduate Thesis,2015,AHA_CP_2015,Hyperallergic
Performance Art,Art History and Architecture,Image,Graduate Thesis,2015,AHA_CP_2015,Los Angeles Times
Performance Art,Art History and Architecture,Image,Graduate Thesis,2015,AHA_CP_2015,The Guardian
Performance Art,Art History and Architecture,Image,Graduate Thesis,2015,AHA_CP_2015,Hyperallergic
Performance Art,Art History and Architecture,Image,Graduate Thesis,2015,AHA_CP_2015,Marinaabramopug.tumblr.com
Performance Art,Art History and Architecture,Image,Graduate Thesis,2015,AHA_CP_2015,Marinaabramopug.tumblr.com
Performance Art,Art History and Architecture,Image,Graduate Thesis,2015,AHA_CP_2015,512hours.tumblr.com
Performance Art,Art History and Architecture,Image,Graduate Thesis,2015,AHA_CP_2015,ArtsBeat
Performance Art,Art History and Architecture,Video,Graduate Thesis,2015,AHA_CP_2015,Vimeo
Performance Art,Art History and Architecture,Blog Post,Graduate Thesis,2015,AHA_CP_2015,Turbulence.org
Performance Art,Art History and Architecture,Article,Graduate Thesis,2015,AHA_CP_2015,Art Forum
Performance Art,Art History and Architecture,Article,Graduate Thesis,2015,AHA_CP_2015,LA Weekly
Italian Art,Art History and Architecture,Image,Graduate Thesis,2018,AHA_CP_2018,New Liturgical Movement
Contemporary Art,Art History and Architecture,Image,Graduate Thesis,2016,AHA_MP_2016,Artchive.com
Contemporary Art,Art History and Architecture,Image,Graduate Thesis,2016,AHA_MP_2016,Lakelandcampingbarns.co.uk
Contemporary Art,Art History and Architecture,Image,Graduate Thesis,2016,AHA_MP_2016,Discoverthelakes.co.uk
Baroque Art,Art History and Architecture,Image,Graduate Thesis,2016,AHA_CS_2016,Royal Collection
Baroque Art,Art History and Architecture,Image,Graduate Thesis,2016,AHA_CS_2016,Royal Collection
Baroque Art,Art History and Architecture,Image,Graduate Thesis,2016,AHA_CS_2016,Royal Collection
Baroque Art,Art History and Architecture,Image,Graduate Thesis,2016,AHA_CS_2016,Royal Collection
Baroque Art,Art History and Architecture,Image,Graduate Thesis,2016,AHA_CS_2016,Royal Collection
Baroque Art,Art History and Architecture,Image,Graduate Thesis,2016,AHA_CS_2016,Royal Collection
Baroque Art,Art History and Architecture,Image,Graduate Thesis,2016,AHA_CS_2016,Royal Collection
Baroque Art,Art History and Architecture,Image,Graduate Thesis,2016,AHA_CS_2016,Royal Collection
Baroque Art,Art History and Architecture,Image,Graduate Thesis,2016,AHA_CS_2016,Royal Collection
Baroque Art,Art History and Architecture,Image,Graduate Thesis,2016,AHA_CS_2016,Royal Collection
Baroque Art,Art History and Architecture,Image,Graduate Thesis,2016,AHA_CS_2016,Royal Collection
Baroque Art,Art History and Architecture,Image,Graduate Thesis,2016,AHA_CS_2016,Royal Collection
Baroque Art,Art History and Architecture,Image,Graduate Thesis,2016,AHA_CS_2016,Royal Collection
Baroque Art,Art History and Architecture,Image,Graduate Thesis,2016,AHA_CS_2016,Royal Collection
Baroque Art,Art History and Architecture,Image,Graduate Thesis,2016,AHA_CS_2016,Royal Collection
Baroque Art,Art History and Architecture,Image,Graduate Thesis,2016,AHA_CS_2016,Royal Collection
Baroque Art,Art History and Architecture,Image,Graduate Thesis,2016,AHA_CS_2016,Royal Collection
Baroque Art,Art History and Architecture,Image,Graduate Thesis,2016,AHA_CS_2016,Royal Collection
Baroque Art,Art History and Architecture,Image,Graduate Thesis,2016,AHA_CS_2016,Royal Collection
Baroque Art,Art History and Architecture,Image,Graduate Thesis,2016,AHA_CS_2016,Royal Collection
Baroque Art,Art History and Architecture,Image,Graduate Thesis,2016,AHA_CS_2016,Royal Collection
Baroque Art,Art History and Architecture,Image,Graduate Thesis,2016,AHA_CS_2016,Royal Collection
Baroque Art,Art History and Architecture,Image,Graduate Thesis,2016,AHA_CS_2016,Royal Collection
Art Organizations,Art History and Architecture,OA Journal Article,Graduate Thesis,2020,AHA_CS_2020,Proceedings of the National Academy of Science
Art Organizations,Art History and Architecture,OA Journal Article,Graduate Thesis,2020,AHA_CS_2020,"Journal of Open Innovation: Technology, Market, and Complexity"
Art Organizations,Art History and Architecture,OA Journal Article,Graduate Thesis,2020,AHA_CS_2020,ARCTIC
Art Organizations,Art History and Architecture,Webpage,Graduate Thesis,2020,AHA_CS_2020,Signal Fire Arts
Art Organizations,Art History and Architecture,Webpage,Graduate Thesis,2020,AHA_CS_2020,Signal Fire Arts
Art Organizations,Art History and Architecture,Webpage,Graduate Thesis,2020,AHA_CS_2020,TransArtists
Art Organizations,Art History and Architecture,Webpage,Graduate Thesis,2020,AHA_CS_2020,Alliance of Artists Communities
Art Organizations,Art History and Architecture,Webpage,Graduate Thesis,2020,AHA_CS_2020,Reartist.org
Art Organizations,Art History and Architecture,Webpage,Graduate Thesis,2020,AHA_CS_2020,The Center for Land Use Interpretation
Art Organizations,Art History and Architecture,Webpage,Graduate Thesis,2020,AHA_CS_2020,rebeccasexton.net
Art Organizations,Art History and Architecture,Webpage,Graduate Thesis,2020,AHA_CS_2020,Signal Fire Arts
Art Organizations,Art History and Architecture,Webpage,Graduate Thesis,2020,AHA_CS_2020,Signal Fire Arts
Art Organizations,Art History and Architecture,Art Exhibit,Graduate Thesis,2020,AHA_CS_2020,Brooklyn Museum
Art Organizations,Art History and Architecture,Image,Graduate Thesis,2020,AHA_CS_2020,critfc.org
Art Organizations,Art History and Architecture,Magazine Article,Graduate Thesis,2020,AHA_CS_2020,Yes! Magazine
Art Organizations,Art History and Architecture,Webpage,Graduate Thesis,2020,AHA_CS_2020,parafin.co.uk
Art Organizations,Art History and Architecture,Video,Graduate Thesis,2020,AHA_CS_2020,YouTube
Art Organizations,Art History and Architecture,Webpage,Graduate Thesis,2020,AHA_CS_2020,nodaplarchive.com
Art Organizations,Art History and Architecture,Magazine Article,Graduate Thesis,2020,AHA_CS_2020,The Sun
DEI in Art,Art History and Architecture,Art Exhibit,Graduate Thesis,2020,AHA_SS_2020,Museum of Modern Art
DEI in Art,Art History and Architecture,Art Exhibit,Graduate Thesis,2020,AHA_SS_2020,Museum of Modern Art
DEI in Art,Art History and Architecture,Art Exhibit,Graduate Thesis,2020,AHA_SS_2020,Museum of Modern Art
DEI in Art,Art History and Architecture,Art Exhibit,Graduate Thesis,2020,AHA_SS_2020,Museum of Modern Art
DEI in Art,Art History and Architecture,Art Exhibit,Graduate Thesis,2020,AHA_SS_2020,Museum of Modern Art
DEI in Art,Art History and Architecture,Article,Graduate Thesis,2020,AHA_SS_2020,Art News
DEI in Art,Art History and Architecture,Magazine Article,Graduate Thesis,2020,AHA_SS_2020,New York Magazine
DEI in Art,Art History and Architecture,Blog Post,Graduate Thesis,2020,AHA_SS_2020,London Review of Books
DEI in Art,Art History and Architecture,Article,Graduate Thesis,2020,AHA_SS_2020,Art Forum
DEI in Art,Art History and Architecture,Article,Graduate Thesis,2020,AHA_SS_2020,Boston Globe
DEI in Art,Art History and Architecture,Article,Graduate Thesis,2020,AHA_SS_2020,Art News
DEI in Art,Art History and Architecture,Art Exhibit,Graduate Thesis,2020,AHA_SS_2020,Museum of Modern Art
DEI in Art,Art History and Architecture,Art Exhibit,Graduate Thesis,2020,AHA_SS_2020,Museum of Modern Art
DEI in Art,Art History and Architecture,Art Exhibit,Graduate Thesis,2020,AHA_SS_2020,Museum of Modern Art
DEI in Art,Art History and Architecture,Art Exhibit,Graduate Thesis,2020,AHA_SS_2020,Museum of Modern Art
DEI in Art,Art History and Architecture,Art Exhibit,Graduate Thesis,2020,AHA_SS_2020,Museum of Modern Art
DEI in Art,Art History and Architecture,Art Exhibit,Graduate Thesis,2020,AHA_SS_2020,Museum of Modern Art
DEI in Art,Art History and Architecture,Art Exhibit,Graduate Thesis,2020,AHA_SS_2020,Museum of Modern Art
DEI in Art,Art History and Architecture,Art Exhibit,Graduate Thesis,2020,AHA_SS_2020,Museum of Modern Art
DEI in Art,Art History and Architecture,Webpage,Graduate Thesis,2020,AHA_SS_2020,Museum of Modern Art
DEI in Art,Art History and Architecture,Art Exhibit,Graduate Thesis,2020,AHA_SS_2020,Museum of Modern Art
DEI in Art,Art History and Architecture,Art Exhibit,Graduate Thesis,2020,AHA_SS_2020,Museum of Modern Art
DEI in Art,Art History and Architecture,Webpage,Graduate Thesis,2020,AHA_SS_2020,Museum of Modern Art
DEI in Art,Art History and Architecture,Art Exhibit,Graduate Thesis,2020,AHA_SS_2020,Museum of Modern Art
DEI in Art,Art History and Architecture,Art Exhibit,Graduate Thesis,2020,AHA_SS_2020,Museum of Modern Art
DEI in Art,Art History and Architecture,Art Exhibit,Graduate Thesis,2020,AHA_SS_2020,Museum of Modern Art
DEI in Art,Art History and Architecture,Art Exhibit,Graduate Thesis,2020,AHA_SS_2020,Museum of Modern Art
DEI in Art,Art History and Architecture,Art Exhibit,Graduate Thesis,2020,AHA_SS_2020,Museum of Modern Art
DEI in Art,Art History and Architecture,Art Exhibit,Graduate Thesis,2020,AHA_SS_2020,Museum of Modern Art
DEI in Art,Art History and Architecture,Archival Record,Graduate Thesis,2020,AHA_SS_2020,Museum of Modern Art
DEI in Art,Art History and Architecture,Art Exhibit,Graduate Thesis,2020,AHA_SS_2020,Museum of Modern Art
DEI in Art,Art History and Architecture,Archival Record,Graduate Thesis,2020,AHA_SS_2020,Museum of Modern Art
DEI in Art,Art History and Architecture,Archival Record,Graduate Thesis,2020,AHA_SS_2020,Museum of Modern Art
DEI in Art,Art History and Architecture,Art Exhibit,Graduate Thesis,2020,AHA_SS_2020,Museum of Modern Art
DEI in Art,Art History and Architecture,Archival Record,Graduate Thesis,2020,AHA_SS_2020,Museum of Modern Art
DEI in Art,Art History and Architecture,Article,Graduate Thesis,2020,AHA_SS_2020,Art News
DEI in Art,Art History and Architecture,Article,Graduate Thesis,2020,AHA_SS_2020,Artsy.com
DEI in Art,Art History and Architecture,Blog Post,Graduate Thesis,2020,AHA_SS_2020,Museum Education Roundtable
DEI in Art,Art History and Architecture,Article,Graduate Thesis,2020,AHA_SS_2020,NPR
DEI in Art,Art History and Architecture,Art Exhibit,Graduate Thesis,2020,AHA_SS_2020,Brooklyn Museum
DEI in Art,Art History and Architecture,Webpage,Graduate Thesis,2020,AHA_SS_2020,The African Center
Japanese Art,Art History and Architecture,Image,Graduate Thesis,2016,AHA_LS_2016,Metropolitan Museum of Art
Japanese Art,Art History and Architecture,Image,Graduate Thesis,2016,AHA_LS_2016,Tokyo National Museum
Japanese Art,Art History and Architecture,Image,Graduate Thesis,2016,AHA_LS_2016,Tokyo National Museum
Japanese Art,Art History and Architecture,Image,Graduate Thesis,2016,AHA_LS_2016,Tokyo National Museum
Japanese Art,Art History and Architecture,Image,Graduate Thesis,2016,AHA_LS_2016,Tokyo National Museum
Japanese Art,Art History and Architecture,Encyclopedia Entry,Graduate Thesis,2016,AHA_LS_2016,Britannica
Japanese Art,Art History and Architecture,Encyclopedia Entry,Graduate Thesis,2016,AHA_LS_2016,Britannica
Japanese Art,Art History and Architecture,Encyclopedia Entry,Graduate Thesis,2016,AHA_LS_2016,Britannica
Japanese Art,Art History and Architecture,Image,Graduate Thesis,2016,AHA_LS_2016,Metropolitan Museum of Art
Film,Art History and Architecture,Article,Graduate Thesis,2019,AHA_LZ_2019,NPR
Film,Art History and Architecture,Video,Graduate Thesis,2019,AHA_LZ_2019,YouTube
Film,Art History and Architecture,Video,Graduate Thesis,2019,AHA_LZ_2019,YouTube
Film,Art History and Architecture,Article,Graduate Thesis,2019,AHA_LZ_2019,haaretz.com
Film,Art History and Architecture,Article,Graduate Thesis,2019,AHA_LZ_2019,New York Times
Film,Art History and Architecture,Essay,Graduate Thesis,2019,AHA_LZ_2019,beyondintractability.org
Baroque Art,Art History and Architecture,Image,Graduate Thesis,2015,AHA_AZ_2015,Art Institute of Chicago
Baroque Art,Art History and Architecture,Image,Graduate Thesis,2015,AHA_AZ_2015,Metropolitan Museum of Art
Baroque Art,Art History and Architecture,Image,Graduate Thesis,2015,AHA_AZ_2015,Metropolitan Museum of Art
Baroque Art,Art History and Architecture,Image,Graduate Thesis,2015,AHA_AZ_2015,Die Pinakotheken
Baroque Art,Art History and Architecture,Image,Graduate Thesis,2015,AHA_AZ_2015,museum-asbach.edu
Baroque Art,Art History and Architecture,Image,Graduate Thesis,2015,AHA_AZ_2015,Metropolitan Museum of Art
Baroque Art,Art History and Architecture,Image,Graduate Thesis,2015,AHA_AZ_2015,Metropolitan Museum of Art
Baroque Art,Art History and Architecture,Image,Graduate Thesis,2015,AHA_AZ_2015,Getty
Baroque Art,Art History and Architecture,Image,Graduate Thesis,2015,AHA_AZ_2015,Musees royaux des Beaux-arts de belgique
